시장명,시장유형,위도,경도,점포수,공중화장실보유여부,주차장보유여부,개설연도
산서시장,상설장+5일장,35.58449451,127.3958978,31,Y,Y,1953
모래내시장(전주),상설장,35.833574,127.1438694,219,Y,Y,1975
전주신중앙시장(신중앙시장),상설장,35.82412315,127.1434822,161,Y,Y,
전주남부시장,상설장,35.81278651,127.1475386,320,Y,Y,1977
서부시장상점가(서부시장 통합),상설장,35.80523071,127.1266583,143,Y,Y,
전주중앙상가,상설장,35.82522103,127.1424489,375,Y,Y,1990
샘고을시장,상설장,35.56288819,126.8551596,249,Y,Y,1914
신태인시장,상설장+5일장,35.68729048,126.8865678,46,Y,Y,1917
정읍연지시장,상설장,,,39,Y,Y,1958
일로전통시장,상설장+5일장,34.84753364,126.4943339,56,Y,Y,2005
벌교매일시장,상설장,34.84300877,127.3459893,85,Y,Y,2013
보성매일시장,상설장,34.7681521,127.0806817,31,Y,Y,1964
예천중앙시장,상설장+5일장,36.6574335,128.4578325,65,Y,Y,2011
용궁시장,상설장+5일장,36.60702184,128.2753688,9,Y,Y,1915
부안상설시장,상설장,35.72711546,126.7329492,190,Y,Y,1965
줄포시장,상설장+5일장,35.58760184,126.6768543,30,Y,Y,1965
고산미소시장,상설장+5일장,35.97407542,127.2054145,33,Y,Y,1964
봉동시장,상설장+5일장,35.93871982,127.1670778,33,Y,Y,1964
삼례시장,상설장+5일장,35.91061359,127.0735831,54,Y,Y,1964
익산금마시장,상설장+5일장,35.99217754,127.0534309,29,Y,Y,1959
북부시장,상설장+5일장,35.94821919,126.9565852,171,Y,Y,1975
익산장(익산북부장),상설장+5일장,35.9512294,126.9566254,120,Y,Y,2008
함열시장,상설장+5일장,,,20,Y,Y,2004
익산 구시장,상설장,35.93152656,126.952339,93,Y,Y,2014
익산남부시장,상설장,35.93194154,126.9533804,46,Y,Y,1914
매일시장,상설장,35.94039371,126.9496739,58,Y,Y,2005
서동시장,상설장,35.94271026,126.950383,60,Y,Y,1980
황등시장,상설장+5일장,35.99888044,126.9524759,35,Y,Y,1937
오수시장,상설장+5일장,35.53844479,127.3266535,42,Y,Y,1984
흥부시장,상설장+5일장,37.10360525,129.3753791,28,Y,N,1965
울진바지게시장,상설장+5일장,36.9916292,129.4020697,200,Y,Y,1965
죽변시장,상설장+5일장,37.05896152,129.4222539,50,Y,Y,1965
평해시장,상설장+5일장,36.72694696,129.4424335,44,Y,Y,1965
후포시장,상설장+5일장,36.67787465,129.4442245,139,Y,Y,1965
안계공설시장,상설장+5일장,36.38442423,128.4383448,45,Y,Y,1957
의성공설재래시장,상설장+5일장,36.3451135,128.699851,76,Y,Y,1946
의성염매시장,상설장,36.35022877,128.6956069,37,Y,Y,1980
안덕시장,상설장+5일장,36.28813525,128.9574946,4,Y,Y,1940
진보시장,상설장+5일장,36.52836922,129.0464058,72,Y,Y,1910
청송시장,상설장+5일장,36.43514221,129.0521134,8,Y,Y,1920
왜관시장,상설장+5일장,35.99515075,128.3982358,134,Y,Y,1981
구룡포시장,상설장+5일장,35.99031583,129.5540012,114,Y,Y,1937
오천삼광시장,상설장,35.97830244,129.4123387,53,Y,N,1988
오천시장,상설장+5일장,35.96647172,129.4142295,105,Y,Y,1930
청림시장,상설장,35.99657827,129.4103564,41,Y,Y,1985
연일전통시장,상설장+5일장,35.99635173,129.3486811,147,Y,Y,1968
효자시장,상설장,36.00799585,129.3315835,241,Y,Y,1971
대해불빛시장,상설장,36.01879903,129.3685564,97,Y,Y,1981
영남시장,상설장,35.98794164,129.4496146,41,Y,Y,1990
포항큰동해시장,상설장,36.02655267,129.3709812,123,Y,Y,1980
남부시장,상설장,36.01262132,129.3561505,51,Y,Y,1987
상대종합시장,상설장,36.01993112,129.3611077,37,Y,N,1986
해도5(형산)시장,상설장,36.01270578,129.3664998,41,Y,Y,1990
중앙상가,상설장,36.04016574,129.3661568,1345,Y,Y,2007
죽도어시장,상설장,36.03513455,129.3690789,100,Y,Y,1971
환호그린빌시장,상설장,36.06813183,129.3911427,30,Y,Y,1986
그린종합시장,상설장,36.06728944,129.3809631,31,Y,Y,1996
두호1시장,상설장,36.06172603,129.3693658,31,Y,Y,1991
영일대북부시장,상설장,36.04629984,129.3691035,150,Y,Y,1965
양학시장,상설장,36.02727113,129.3497432,55,Y,Y,1981
(유)문경시중앙시장,상설장,36.59353126,128.1973386,43,Y,Y,1997
점촌전통시장 (구 신흥시장),상설장+5일장,36.60139203,128.2041655,100,Y,Y,1997
문경중앙시장,상설장,36.60139203,128.2041655,238,Y,Y,1954
봉화상설시장,상설장+5일장,36.89035705,128.7349397,136,Y,Y,1980
봉화내성시장,상설장+5일장,36.88898151,128.7394689,105,Y,Y,1980
억지춘양시장,상설장+5일장,36.93636393,128.9130448,143,Y,Y,1971
상주중앙시장,상설장+5일장,36.41319426,128.1608286,149,Y,Y,1987
풍물시장,상설장+5일장,36.41285383,128.1606228,60,Y,Y,2013
남성시장,상설장+5일장,36.41440724,128.1621176,130,N,N,2019
은척시장,상설장+5일장,36.53266774,128.0729549,35,Y,Y,1968
함창시장,상설장+5일장,,,82,Y,Y,1951
화령시장,상설장+5일장,36.44479088,127.9506951,50,Y,Y,1965
안동구시장,상설장,36.56580955,128.7278751,266,Y,Y,1946
중앙신시장,상설장+5일장,36.56512446,128.7241627,421,Y,Y,1970
용상공설시장,상설장,36.55947454,128.7501611,69,Y,Y,1976
북문시장,상설장+5일장,36.56852384,128.7326141,66,Y,Y,1970
강구시장,상설장+5일장,36.35834827,129.3795018,52,Y,Y,1919
영해만세시장,상설장+5일장,36.54089457,129.407185,176,Y,Y,1965
영양시장,상설장+5일장,,,80,Y,Y,1918
풍기인삼시장,상설장,36.87302772,128.5236126,50,Y,Y,2003
영주골목시장,상설장,36.82449267,128.6229875,77,Y,Y,2006
영주중앙시장,상설장,36.8257389,128.6209769,58,Y,Y,2006
선비골전통시장,상설장,36.82425135,128.6231913,95,Y,Y,2009
영주문화시장,상설장,36.8239126,128.6235074,190,Y,N,2010
풍기중앙시장,상설장,36.8706025,128.5281959,69,Y,Y,2006
풍기선비골인삼시장,상설장,36.88850301,128.5406893,68,Y,Y,2019
영주공설시장,상설장+5일장,36.82255573,128.6263204,93,Y,Y,2006
신영주번개시장,상설장,36.81223799,128.623387,29,Y,Y,2013
영주종합시장,상설장,36.81360395,128.6221385,78,Y,Y,2006
금호공설시장,상설장+5일장,35.93166906,128.8733589,43,Y,Y,1955
신녕공설시장,상설장+5일장,36.04209299,128.7874777,41,Y,Y,1958
영천공설시장,상설장+5일장,35.96425248,128.9385821,220,Y,Y,1955
예천맛고을시장,상설장,36.65689278,128.4548923,100,N,Y,2014
예천상설시장,상설장+5일장,36.65599016,128.4561493,82,Y,Y,1955
경산공설시장,상설장+5일장,35.82052133,128.735749,200,Y,Y,1956
자인공설시장,상설장+5일장,35.81649983,128.8229427,54,Y,Y,1969
하양공설시장,상설장+5일장,35.91562378,128.8192553,109,Y,Y,1931
감포시장,상설장+5일장,35.80410761,129.502011,54,Y,Y,1959
건천시장,상설장+5일장,35.84830099,129.1048124,40,Y,Y,1914
불국시장,상설장+5일장,35.77575677,129.3011741,34,Y,Y,1965
봉황중심상가시장,상설장,35.84221396,129.2106571,510,Y,Y,2010
북부상가시장,상설장+5일장,35.8534885,129.2075834,118,Y,Y,2011
경주성동공설시장,상설장,35.84554647,129.2162805,587,Y,Y,1971
안강공설시장,상설장+5일장,35.9903076,129.2217101,386,Y,Y,1923
양북시장,상설장+5일장,35.79041062,129.4412131,38,Y,Y,1942
불국사상가시장,상설장,35.78599622,129.3278528,55,Y,Y,1974
황남상가시장,상설장,35.83566075,129.2103092,51,N,N,1969
경주중심상가시장,상설장,35.84225687,129.2146864,285,Y,Y,2008
북정로중심상가시장,상설장,35.84229272,129.2151854,130,Y,Y,1960
고령대가야시장,상설장+5일장,35.72730911,128.2666727,80,Y,Y,1983
제일시장상가,상설장,36.10172307,128.3841129,44,Y,Y,1987
구미공단종합시장,상설장,36.12063838,128.3715387,43,Y,Y,1983
구미파크시장,상설장,36.14936268,128.3254726,39,Y,Y,1994
선산봉황시장,상설장+5일장,36.23951857,128.300921,314,Y,Y,1994
신평전통시장,상설장,36.12315363,128.361175,67,Y,Y,2015
구미새마을중앙시장,상설장+5일장,36.13085045,128.3297934,100,Y,Y,1975
금오시장,상설장,36.12611615,128.3406025,125,Y,Y,1985
현대유통쇼핑센타,상설장,36.1300276,128.3300461,78,Y,Y,1985
종합제일시장,상설장,36.13031135,128.329651,59,Y,Y,2006
구미산업유통단지,상설장,36.10987904,128.4026465,728,Y,Y,1995
장천시장,상설장+5일장,36.12569593,128.4934096,52,Y,Y,1959
형곡시장프라자,상설장,36.11287628,128.3343324,100,Y,Y,1992
형곡중앙시장,상설장,36.10631862,128.3365202,76,Y,Y,1993
군위전통시장,상설장+5일장,36.23975138,128.5679239,52,Y,Y,1954
부곡시장,상설장,36.12583274,128.1042234,18,Y,Y,1980
평화시장,상설장+5일장,36.12364342,128.1130862,106,Y,Y,1977
황금시장,상설장+5일장,36.11666261,128.1252827,175,Y,Y,1964
가은아자개시장,상설장+5일장,36.64660911,128.0609864,95,Y,Y,1981
역전시장,상설장,35.79317122,126.9015965,63,Y,Y,1957
김제전통시장,상설장+5일장,35.80162714,126.8837248,60,Y,Y,1900
금만시장,상설장,35.80014264,126.8864263,91,Y,Y,1890
남원공설시장,상설장+5일장,35.40461965,127.3758611,137,Y,Y,1970
용남시장,상설장,35.40710447,127.3767644,85,Y,Y,1970
무풍시장(대덕산장터),상설장+5일장,35.96945032,127.8487964,11,Y,Y,1965
설천시장(삼도봉장터),상설장+5일장,36.0099056,127.7880133,13,Y,Y,1988
안성시장(덕유산장터),상설장+5일장,35.86633002,127.653578,30,Y,Y,1950
중앙시장,상설장,34.95326194,127.4846047,50,Y,Y,1981
역전시장,상설장,34.94374833,127.5033333,170,Y,Y,1979
웃장,상설장+5일장,34.95864147,127.4850305,68,Y,Y,1975
주암시장,상설장+5일장,35.075741,127.2352637,25,Y,Y,1964
지도 전통시장,상설장+5일장,35.0588198,126.2069832,66,Y,Y,1955
교동시장,상설장,34.73896529,127.730219,81,Y,N,1965
중앙시장,상설장,34.74059178,127.7325592,131,Y,Y,1975
해안로건어물상가시장,상설장,34.73953206,127.7345269,35,Y,Y,1980
여수수산물특화시장,상설장,34.73683093,127.7328973,133,Y,Y,2004
(주)서시장,상설장,34.74178725,127.7286168,230,Y,Y,1982
덕양시장,상설장,34.79802722,127.6314434,15,Y,Y,1932
중앙선어시장,상설장,34.73942888,127.7370587,74,Y,Y,1945
칠성진시장,상설장,35.87571704,128.6040652,107,Y,Y,2012
서문시장 아진상가,상설장,35.86995064,128.5815736,245,Y,Y,2017
한라프라자,상설장,34.88820169,128.6235595,57,Y,Y,1996
영오시장,상설장+5일장,35.1089502,128.2376847,28,Y,Y,1954
양산남부시장,상설장+5일장,35.34244341,129.0372311,189,Y,Y,1978
진주논개시장(장대시장),상설장,35.19506184,128.0872175,294,Y,Y,1962
회성종합시장,상설장,35.23292644,128.5594098,140,Y,Y,1981
사파동성종합상가,상설장,35.21947669,128.7021885,100,Y,Y,1993
중부시장,상설장,35.15506526,128.6815616,107,Y,Y,1977
지리산함양시장,상설장+5일장,35.5186005,127.7289877,130,Y,Y,1983
용호시장,상설장,35.11491426,129.1127725,55,Y,Y,1975
초량전통시장,상설장,35.11804138,129.0396662,90,Y,N,1960
양정전통시장,상설장,,,92,N,N,1970
하단시장,상설장,35.10627945,128.9694852,55,Y,N,1978
동대신1동골목시장,상설장,35.1103097,129.019196,40,Y,N,1978
수영팔도시장,상설장,35.16877627,129.116898,133,Y,Y,1981
자갈치시장,상설장,35.09661069,129.0305905,320,Y,Y,1970
신창상가,상설장,35.10117719,129.0302005,48,Y,Y,1954
언양공설시장,상설장+5일장,35.56280807,129.125824,57,Y,Y,1915
반구시장,상설장,35.55806208,129.3442437,86,Y,Y,2012
간성전통시장,상설장+5일장,38.37994273,128.4694508,66,Y,Y,1965
양구중앙시장,상설장+5일장,38.10410757,127.9893261,58,Y,Y,1985
동송시장,상설장+5일장,38.2088079,127.218867,35,Y,Y,1982
평창대화시장,상설장+5일장,37.50098758,128.4539942,49,Y,Y,1958
사창시장,5일장,35.26039872,126.6630702,36,Y,Y,1998
해남읍5일시장,5일장,34.56878428,126.5971547,129,Y,Y,1964
장수시장,5일장,35.64918556,127.5174723,33,Y,Y,1977
금성시장,5일장,36.25617739,128.6814114,70,Y,Y,1961
청하시장,5일장,36.19707872,129.3396614,40,Y,Y,1965
군북공설시장,5일장,35.26104644,128.3469542,20,Y,Y,1965
고성오일시장,5일장,33.4518552,126.9128143,68,Y,Y,1984
옥과5일시장,5일장,35.2759017,127.1379523,44,Y,Y,1964
복내5일시장,5일장,34.89370035,127.1331421,24,Y,Y,1989
무주시장(반딧불장터),상설장+5일장,36.00464857,127.6534743,50,Y,Y,1953
장위전통시장,상설장,37.61206308,127.0508053,64,Y,Y,1960
수유중앙시장,상설장,37.64033603,127.0211761,41,Y,Y,1971
마천시장,상설장,37.49842506,127.1507453,65,Y,N,1973
영동시장,상설장,37.27681569,127.0186497,285,Y,Y,2006
중평시장,상설장,35.8653642,128.5539271,77,Y,N,1982
에덴골목시장,상설장,35.11114738,128.9627261,46,N,N,1988
중앙시장,상설장,35.94206103,126.9497282,155,Y,Y,1947
도평시장,상설장+5일장,36.290109,129.0170773,15,Y,Y,1921
흥해시장,상설장+5일장,36.11061401,129.3482939,130,Y,Y,1965
성주시장,상설장+5일장,35.91446517,128.2851065,44,Y,Y,1887
영주소백쇼핑몰,상설장,36.8234917,128.6261751,92,Y,Y,2005
경주중앙시장,상설장+5일장,35.84395286,129.2067435,745,Y,Y,1983
인동시장,상설장+5일장,36.10819473,128.4209289,126,Y,Y,1989
(주)여수수산시장,상설장,34.73813576,127.7317623,105,Y,Y,1969
노화전통시장,상설장+5일장,34.17755629,126.573208,25,Y,Y,1968
대인시장,상설장,35.15409833,126.917243,289,Y,Y,1976
마량5일시장,상설장+5일장,34.45095924,126.8165817,40,Y,Y,1979
금산수삼센타,상설장+5일장,36.10010156,127.4964497,292,Y,Y,1988
현대시장(현대상가시장),상설장,36.34891076,126.5969368,53,Y,N,1960
법동시장,상설장,36.36622183,127.4315773,66,Y,Y,2005
한민시장,상설장,36.33461781,127.3840015,240,Y,Y,1981
강화풍물시장,상설장+5일장,37.74141775,126.4928651,175,Y,Y,2007
송현시장,상설장,37.476161,126.634645,103,Y,Y,1960
무안전통시장,상설장+5일장,34.99348251,126.4724295,65,Y,Y,2016
내수전통시장,상설장+5일장,36.72627291,127.5360007,54,Y,Y,1964
연수상가,상설장,36.98746934,127.9315787,200,N,Y,1997
안면도수산시장(안면도장터),상설장,36.51635222,126.3460071,42,Y,Y,1955
신동아수산물종합시장,상설장,35.09671506,129.0286633,520,Y,Y,1986
해평공설시장,5일장,,,85,Y,Y,1959
학성새벽시장,상설장,35.55664606,129.3326873,170,Y,Y,1974
원주남부시장,상설장,37.34301479,127.9544052,205,Y,Y,1965
합성대로상가,상설장,35.2386927,128.5824458,33,N,N,2018
한라종합시장,상설장,36.04122465,129.3512673,29,Y,Y,2011
우이시장,상설장,37.64603946,127.020022,12,Y,N,1962
광천전통시장,상설장+5일장,36.4998307,126.6252434,171,Y,Y,1926
박달재전통시장,상설장+5일장,37.13821118,128.022559,45,Y,Y,2012
백련시장,상설장,37.57700937,126.9231105,68,Y,Y,1993
신원시장,상설장,37.48206454,126.9273799,118,Y,Y,1980
대명여울빛거리시장,상설장,37.45277209,126.9016513,233,Y,Y,1977
발안시장,상설장+5일장,37.13145931,126.9094512,214,Y,Y,1929
방신전통시장,상설장,37.5715068,126.8126466,91,Y,Y,1980
관악종합시장,상설장,37.4815694,126.9280588,54,Y,N,1969
양곡시장,상설장,37.65446358,126.623824,70,Y,N,2013
신기시장,상설장,37.44621321,126.6786492,130,Y,Y,1975
광희패션몰,상설장,37.56867257,127.0119193,1360,Y,Y,1979
우림골목시장,상설장,37.59677029,127.0982661,123,Y,Y,1970
목동깨비시장 (목3동시장),상설장,37.54818867,126.8652236,98,Y,Y,1970
신정제일시장,상설장,37.52084761,126.8536892,55,Y,N,1974
신응암시장,상설장,37.59390904,126.9186997,36,Y,Y,2011
계천공설시장(계천시장),5일장,34.9959861,127.8094975,35,Y,Y,1962
북천공설시장,5일장,35.1137211,127.8919908,20,Y,Y,1949
옥종공설시장,5일장,,,36,Y,Y,1953
대산공설시장,5일장,35.35283551,128.4281217,25,Y,Y,1980
칠원공설시장,5일장,35.30569015,128.5191927,19,Y,Y,1965
서상전통시장(서상시장),5일장,35.67988159,127.6884879,6,Y,Y,2006
가야시장,5일장,35.76024552,128.1383663,48,Y,Y,1942
야로시장,5일장,35.70612649,128.168565,32,Y,Y,1939
곡천공설시장,5일장,35.46589516,129.2099662,,Y,Y,1932
대정오일시장,5일장,33.22061006,126.2482168,198,Y,Y,1983
서귀포향토오일시장,5일장,33.26778949,126.5737419,572,Y,Y,1995
중문오일시장,5일장,33.25058008,126.4239435,67,Y,Y,1965
표선오일시장,5일장,33.32271206,126.8303863,50,Y,Y,1985
세화오일시장,5일장,33.52618615,126.857297,151,Y,Y,1965
제주시민속오일시장,5일장,33.49724208,126.474894,911,Y,Y,1998
함덕오일시장,5일장,33.54025782,126.6679684,42,Y,Y,2007
한림민속오일시장(한림오일시장),5일장,33.41983074,126.2745011,144,Y,Y,2002
죽산시장,5일장,37.07598943,127.4233876,103,Y,Y,2010
마전시장,5일장,36.1906104,127.4669775,15,Y,N,1965
부여 새시장,5일장,36.28098513,126.9096533,70,N,N,1916
홍산시장,5일장,36.21390559,126.7576014,50,Y,Y,1928
덕산시장,5일장,36.70498477,126.6681533,53,Y,Y,1887
예산시장,5일장,36.67723471,126.8494508,,Y,Y,1926
갈산전통시장,5일장,36.6036997,126.5505509,51,Y,Y,1943
광천문화시장,5일장,36.50232616,126.6250081,157,Y,N,1926
마로관기시장(관기재래시장),5일장,36.43524115,127.8175958,40,Y,Y,1964
비아5일시장,5일장,35.22135885,126.8252669,133,Y,Y,1964
송정5일시장,5일장,35.13708297,126.7969059,113,Y,Y,1964
말바우시장,5일장,35.1729756,126.9213684,511,Y,Y,2005
과역전통시장,5일장,34.67945246,127.3622598,31,Y,Y,1946
도화전통시장,5일장,34.50976415,127.3218805,18,Y,Y,1958
동강전통시장,5일장,34.78037382,127.3349881,27,Y,Y,1948
곡성기차마을전통시장,5일장,35.27976851,127.2984376,124,Y,Y,1956
석곡전통시장,5일장,35.1329487,127.2540916,48,Y,Y,1956
광양5일시장,5일장,34.97115451,127.5904463,97,Y,Y,1964
옥곡5일시장,5일장,34.98850818,127.7002388,56,Y,Y,1962
구례5일시장,5일장,35.21015279,127.4700811,157,Y,Y,1959
공산5일시장,5일장,34.94332975,126.6081282,15,Y,N,1964
다시5일시장,5일장,35.01574218,126.635656,40,Y,Y,1920
세지5일장,5일장,34.92020003,126.7475101,15,Y,N,1936
영산포풍물시장,5일장,34.99199963,126.7072637,204,Y,Y,2003
벌교5일시장,5일장,34.84493765,127.3450787,51,Y,Y,1964
녹차골보성향토시장(보성읍5일시장),5일장,34.76564893,127.0772318,99,Y,Y,1955
조성5일시장,5일장,34.80647859,127.2452772,20,Y,Y,1964
순천시아랫장(순천아랫장),5일장,34.94514825,127.496084,206,Y,Y,1977
괴목시장,5일장,35.10242889,127.4282501,50,Y,Y,1964
영광고추특화시장,5일장,35.27472202,126.4935505,42,Y,Y,1995
시종5일시장,5일장,34.8674024,126.608099,46,Y,Y,1969
신북5일시장,5일장,34.8885919,126.6922237,17,Y,N,1964
포항운하송림시장,상설장,36.02820448,129.3763138,35,Y,N,1987
안동서부시장,상설장+5일장,36.56527506,128.7149733,118,Y,Y,1980
풍기토종인삼시장,상설장,36.87028584,128.5224255,50,Y,Y,2009
구미종합상가,상설장,36.13050981,128.3304431,54,Y,Y,1985
중앙시장,상설장,36.11902271,128.125383,60,Y,Y,1953
임실시장,상설장+5일장,35.61445375,127.2827133,67,Y,Y,1977
진안고원시장,상설장+5일장,35.79262491,127.4294275,70,Y,Y,1918
여수서시장주변시장,상설장+5일장,34.74075239,127.7283238,245,Y,Y,1932
완도남양시장(구 완도종합시장),상설장+5일장,34.31651727,126.7477207,27,Y,N,1990
군산공설시장,상설장,35.98316656,126.7203241,276,Y,Y,1918
양동경열로시장,상설장,35.15367146,126.900842,75,Y,Y,2012
중앙식료시장,상설장,34.79403892,126.3817975,78,Y,Y,1968
엄정내창시장,상설장+5일장,37.08639104,127.9158841,102,Y,Y,1980
삼승원남시장(원남재래시장),상설장+5일장,36.39692314,127.7331366,70,Y,Y,1964
신평시장,상설장+5일장,36.88353946,126.7759775,72,N,N,1927
대산종합시장,상설장,36.93800832,126.4339406,64,Y,Y,2000
중앙메가프라자,상설장,36.3267328,127.4339543,151,Y,Y,1973
송강전통시장,상설장,36.43519796,127.3866018,57,Y,Y,
송현자유시장,상설장,37.47577727,126.632816,91,Y,N,1962
학익시장,상설장,37.44350822,126.6649646,83,Y,Y,1962
청평화시장,상설장,37.5694651,127.0149417,1237,Y,Y,1983
서울중앙시장,상설장,37.5673831,127.0197632,65,Y,N,1962
동성타워프라자,상설장,37.60804247,127.0972055,76,Y,Y,1996
영등포유통상가,상설장,37.52242231,126.8939355,1560,Y,Y,1987
후암시장,상설장,37.55038071,126.9766339,43,Y,Y,1954
성대전통시장,상설장,37.4992128,126.9308577,100,Y,Y,1979
유진상가,상설장,37.59171586,126.9430235,61,Y,Y,1970
돈암시장,상설장,37.59166549,127.0157161,109,Y,N,1952
은행나무시장,상설장,37.4513186,126.9093496,52,N,Y,1966
답십리현대시장,상설장,37.56677553,127.058644,78,Y,Y,1970
역곡남부시장,상설장,37.48253123,126.8115462,68,Y,N,1983
돌고래시장,상설장,37.37153201,127.1221653,141,Y,Y,1993
성남남한산성시장(은행골목시장),상설장,37.4569514,127.1644284,70,N,N,2013
보성은하상가,상설장,35.82357763,128.5342978,34,Y,Y,1994
방촌시장,상설장,35.88130271,128.6644257,98,Y,Y,1982
산격종합시장,상설장,35.8986391,128.6103422,160,Y,N,1981
칠성전자주방시장,상설장,35.88023823,128.6015542,132,Y,Y,2017
황금시장,상설장,35.84839977,128.6199562,15,Y,Y,1981
교동시장,상설장,35.87370236,128.5983668,130,Y,Y,1971
옥수시장,상설장,34.87534685,128.7308743,55,Y,Y,2006
이동공설시장,상설장+5일장,34.80113755,127.9538197,28,Y,Y,1933
팔달문시장,상설장,37.27685014,127.0178829,220,Y,Y,2005
일죽시장,상설장,37.09336892,127.4784203,109,Y,Y,
양수리전통시장(양평양수리시장),상설장+5일장,37.54457048,127.3199621,176,Y,Y,1965
운천전통시장,상설장+5일장,38.08994227,127.2722253,48,Y,Y,1990
광덕시장,상설장,35.83719185,128.582417,100,Y,N,1971
북신전통시장,상설장,34.85415943,128.4275287,136,Y,Y,1986
장성시장,상설장,35.23744721,129.0855549,28,Y,N,1978
부산남문시장,상설장,35.13592329,129.0586847,199,Y,Y,1974
온천인정시장,상설장,35.22311521,129.0831563,81,Y,Y,2005
부전시장,상설장,35.16323429,129.0609058,344,Y,Y,1975
감전시장,상설장,35.1561407,128.984607,143,Y,Y,2017
감천2동시장,상설장,35.09387881,129.0088484,51,Y,Y,1979
삼천포용궁수산시장,상설장,34.92743545,128.0717569,270,Y,Y,2013
진주중앙시장,상설장,35.19391998,128.0848966,420,Y,Y,1884
대동씨코아상가시장,상설장,35.17975023,128.5624438,137,Y,Y,1993
가음정시장,상설장,35.20828431,128.6977985,184,Y,Y,2005
창원코아상가,상설장,35.22044112,128.6795378,119,Y,Y,1997
지귀시장,상설장+5일장,35.24568147,128.6588339,70,Y,N,2014
망미중앙시장,상설장,35.17568162,129.106878,104,Y,Y,1980
만물의거리시장,상설장,35.10148415,129.0285512,80,Y,Y,1960
신정상가시장,상설장,35.54197244,129.3090699,252,Y,N,2005
홍천중앙시장,상설장,37.69108298,127.886165,106,Y,N,1981
영암5일시장,5일장,34.80123497,126.7005743,121,Y,Y,1964
이양전통시장,5일장,34.88251292,126.9868713,13,Y,Y,1964
양남시장,5일장,35.67521448,129.4638468,92,Y,Y,1943
단촌정기시장,5일장,36.42254768,128.6739013,45,Y,N,1947
단계시장,5일장,35.37712433,128.0111488,26,Y,Y,1952
서동시장,상설장,35.58134597,129.3469851,81,Y,N,2009
삼척중앙시장,상설장+5일장,37.44211915,129.1646216,282,Y,Y,1975
정선아리랑시장,상설장+5일장,37.3803854,128.6652325,163,Y,Y,1966
서남시장,상설장,35.85436588,128.5451779,46,Y,Y,1984
감전제일상가시장,상설장,35.15632532,128.9845484,23,Y,N,1977
안의시장,5일장,35.62629354,127.8140359,10,Y,Y,1997
광시시장,5일장,36.54911843,126.7744244,10,Y,Y,1925
남평5일시장,5일장,35.04581389,126.8415451,38,Y,Y,2007
밤고개자연시장(구 내덕자연시장),상설장+5일장,36.66241616,127.4886473,52,Y,Y,1985
의정부청과야채시장,상설장,37.73855067,127.0527096,67,Y,Y,1978
망미삼성상가시장,상설장,35.16942604,129.1028127,25,Y,Y,1992
승주시장,5일장,35.01325231,127.3910765,18,Y,Y,1964
대야전통시장,상설장+5일장,35.9448597,126.816085,53,Y,Y,1965
명산시장,상설장,35.98251878,126.7095107,65,Y,Y,1982
군산신영시장,상설장,35.98561509,126.72012,77,Y,Y,1985
원평공설시장(김제원평시장),상설장+5일장,35.71406357,126.9947325,36,Y,Y,1960
1913송정역시장(송정역전매일시장),상설장,35.13555958,126.7915346,73,Y,Y,1913
우산매일시장,상설장,35.16218922,126.8035258,44,Y,Y,1991
월곡시장,상설장,35.17129717,126.8096437,68,Y,Y,1998
산수시장,상설장,35.15348435,126.929739,80,Y,N,1974
남광주해뜨는시장,상설장,35.13896721,126.9212584,50,Y,Y,1975
남광주시장,상설장,35.13929961,126.9208082,225,Y,Y,1975
두암시장,상설장,35.17157442,126.9293831,27,Y,Y,1981
운암시장,상설장,35.1733763,126.8820026,64,Y,Y,1981
동부시장,상설장,35.1738826,126.9163398,35,Y,Y,1981
중흥시장,상설장,35.1616112,126.9108534,49,N,N,1977
광주양동시장,상설장,35.15390747,126.9025538,115,Y,Y,1969
양동닭전길시장,상설장,35.1528177,126.9039928,157,Y,Y,2005
쌍봉시장,상설장,34.76414545,127.6649804,28,Y,Y,1989
제일시장,상설장,34.76419231,127.6646531,63,Y,Y,1986
진남시장,상설장,34.76425827,127.6641294,118,Y,Y,1984
도깨비시장,상설장,34.76331689,127.6565415,124,Y,Y,1988
굴비골영광시장(구 영광매일시장),상설장,35.27513263,126.5123207,66,Y,Y,1985
영광터미널시장,상설장,35.27553643,126.5030198,91,Y,Y,1993
완도전통시장(구 완도5일시장),상설장+5일장,34.31610369,126.7482543,26,Y,Y,1981
천관산관광시장,상설장+5일장,34.56279797,126.9370792,43,Y,Y,1961
대덕읍전통시장(대덕시장),상설장+5일장,34.49942611,126.8871306,27,Y,Y,1985
정남진장흥토요시장,상설장+5일장,34.67726772,126.9031373,140,Y,Y,1961
진도상설전통시장,상설장,34.48135668,126.2649029,15,Y,Y,1985
함평천지전통시장,상설장+5일장,35.06373037,126.5234259,41,Y,Y,1903
고창전통시장,상설장+5일장,35.43266573,126.6987711,74,Y,Y,1965
군산주공시장,상설장,35.96576624,126.6954417,37,Y,Y,1985
역전종합시장,상설장,35.98098567,126.7203651,92,Y,Y,1965
양동건어물시장,상설장,35.15316871,126.9033339,64,Y,Y,2006
양동복개상가,상설장,35.15359895,126.9039282,268,Y,Y,1971
양동수산전통시장,상설장,35.15323947,126.9016656,165,Y,Y,2005
양동산업용품시장,상설장,35.15117026,126.9066176,151,Y,Y,2008
화정동서부시장,상설장,35.15303898,126.8792883,119,N,Y,2012
강진읍시장,상설장+5일장,34.64015663,126.7743169,93,Y,Y,1935
병영5일시장,상설장+5일장,34.7138022,126.8155552,8,Y,Y,1932
고흥전통시장,상설장+5일장,34.60835694,127.2866005,170,Y,Y,1915
녹동전통시장,상설장+5일장,34.52787725,127.1383083,65,Y,Y,1947
광영상설시장,상설장,34.96144871,127.7203625,42,Y,Y,1987
중마시장,상설장,34.93820196,127.6988477,80,Y,Y,1994
구례상설시장,상설장,35.20961971,127.465751,43,Y,Y,1976
금산금빛시장(금산시장),상설장+5일장,36.09951247,127.490976,211,Y,Y,1981
금산국제인삼시장(금산인삼국제시장),상설장,36.10191386,127.498346,203,Y,Y,1986
중부프라자,상설장,36.10453057,127.4910218,22,Y,Y,1981
금산인삼전통시장,상설장+5일장,36.10045233,127.4921846,110,Y,Y,2011
금산인삼쇼핑센타,상설장,36.1015148,127.4989542,55,Y,Y,1993
금산약초시장,상설장,36.1003757,127.4954712,33,Y,Y,1992
강경대흥시장,상설장+5일장,36.15597686,127.0136799,105,Y,Y,1955
강경젓갈시장,상설장,36.15755625,127.0098063,130,Y,N,1989
화지중앙시장,상설장,36.20691048,127.0852797,314,Y,Y,1950
연산전통시장,상설장+5일장,36.21620753,127.2164929,55,Y,Y,1911
당진전통시장,상설장+5일장,36.88993159,126.6296051,192,Y,Y,1974
합덕전통시장,상설장+5일장,36.80617206,126.7719672,64,Y,Y,1985
동부시장,상설장,36.34936363,126.597,67,Y,Y,1960
보령중앙시장,상설장+5일장,36.35085519,126.5941055,149,Y,Y,1960
보령한내시장,상설장+5일장,36.34962615,126.5958262,178,Y,Y,1960
대천항종합수산물시장,상설장,36.3266083,126.5061074,117,Y,Y,1960
웅천시장,상설장+5일장,36.23298807,126.6012701,83,Y,Y,1928
부여시장,상설장+5일장,36.28149721,126.9075601,86,Y,Y,1916
부여중앙시장,상설장,36.28191921,126.9121344,70,Y,Y,1945
서산동부전통시장(동부시장),상설장,36.78186159,126.4564473,245,Y,Y,1956
해미시장,상설장,36.71113111,126.5455722,71,Y,Y,1924
해미종합시장,상설장,36.71129685,126.5465002,46,Y,Y,1997
서천특화시장,상설장+5일장,36.07502677,126.6868171,336,Y,Y,2004
장항전통시장,상설장+5일장,36.01556607,126.6945736,105,Y,Y,2010
둔포전통시장(둔포시장),상설장+5일장,36.9294758,127.0360407,155,Y,Y,1960
온양온천시장(온양전통시장),상설장+5일장,36.78329506,127.0042346,377,Y,Y,1974
고덕시장,상설장+5일장,36.74392062,126.7052158,30,Y,Y,1961
가좌시장,상설장,37.4933969,126.684576,118,Y,N,1987
인천축산물시장,상설장,37.47899257,126.6884579,105,Y,Y,1982
인천강남시장,상설장,37.51122049,126.6719915,96,Y,Y,1984
신거북시장,상설장,37.50328543,126.6729875,93,Y,Y,1980
연수구옥련시장,상설장,37.42461526,126.6468259,81,N,N,1996
연수송도역전시장,상설장,37.42645827,126.657697,68,Y,N,1960
신흥시장,상설장,37.46605786,126.6366385,55,Y,Y,
신포시장,상설장,37.47146344,126.627806,134,Y,Y,
인천종합어시장,상설장,37.4541313,126.6071645,505,Y,Y,
신탄진시장,상설장+5일장,36.44915618,127.4265148,150,Y,Y,2005
송촌시장,상설장,36.36464157,127.4398696,38,Y,Y,2005
중리시장,상설장,36.3655916,127.4263925,171,Y,Y,2005
가양시장,상설장,36.34621833,127.443197,22,Y,Y,1979
신도시장,상설장,36.34952005,127.4471148,70,Y,Y,1982
용운시장,상설장,36.32781371,127.460578,55,Y,Y,1989
중앙종합시장,상설장,36.32858655,127.4322049,84,Y,Y,1985
신중앙시장,상설장,36.32729269,127.4336344,80,Y,Y,1975
자유도매시장,상설장,36.32923674,127.4320061,102,Y,Y,1981
중앙도매시장,상설장,36.32955629,127.4331792,74,Y,Y,1973
전통중앙도매상가,상설장,36.32983375,127.4337042,148,Y,Y,2011
정원시장,상설장,36.32910635,127.4316555,90,Y,Y,2017
대전상가시장,상설장,36.32178451,127.4366553,25,Y,N,1973
인동시장,상설장,36.3225352,127.4359133,49,Y,Y,1973
대전도매시장,상설장,36.33020609,127.4329155,43,Y,Y,1962
중앙상가시장,상설장,36.32961777,127.4311303,200,Y,Y,1962
도마큰시장,상설장,36.31580962,127.381368,430,Y,Y,1972
문창전통시장,상설장,36.31551575,127.4381793,204,Y,Y,1967
부사전통시장,상설장,36.31413817,127.4353766,48,Y,Y,1990
산성뿌리전통시장,상설장,36.30655402,127.3871238,53,Y,Y,1991
오류전통시장,상설장,36.32195799,127.407958,45,Y,N,1985
용두전통시장,상설장,36.32341318,127.4145695,27,N,N,1962
유천전통시장,상설장,36.31721058,127.3954494,71,Y,Y,1982
태평전통시장,상설장,36.32593972,127.3976994,142,Y,Y,1980
세종대평시장,상설장+5일장,36.4672657,127.282063,79,Y,Y,1946
아트프라자,상설장,37.56918604,127.0128249,391,Y,N,1990
강화중앙시장(a동b동),상설장,37.74685651,126.4838644,121,Y,Y,1981
강화터미널상가,상설장,37.73977639,126.4904031,135,Y,Y,1994
계산시장,상설장,37.53927741,126.7248447,112,Y,Y,1977
계양산전통시장,상설장,37.54803137,126.7394455,101,Y,Y,1980
작전시장,상설장,37.53248299,126.724325,126,Y,Y,1983
간석자유시장,상설장,37.46388599,126.7153438,138,Y,N,1970
남동산업용품상가,상설장,37.40695017,126.693402,820,Y,Y,1998
구월시장,상설장,37.45336936,126.7202675,138,Y,Y,1980
인천모래내전통시장,상설장,37.45420055,126.7214949,197,Y,Y,1982
구월도매전통시장,상설장,37.44366156,126.7056342,74,N,Y,1992
소래포구전통어시장,상설장,37.3974554,126.738637,338,Y,Y,1974
만수시장,상설장,37.46005013,126.7317927,68,Y,Y,1985
장승백이전통시장,상설장,37.44656074,126.7352311,255,Y,Y,1995
동부시장,상설장,37.47699523,126.6452568,65,Y,Y,1971
현대시장,상설장,37.47748437,126.646125,256,Y,Y,1960
인천산업용품유통센터,상설장,37.48482619,126.6547965,4735,Y,Y,1997
송림공구상가,상설장,37.48359521,126.6622078,323,Y,Y,1994
중앙시장,상설장,37.47535505,126.6333376,103,N,Y,1972
인천용남시장,상설장,37.45189911,126.6658426,62,Y,Y,1975
지리산나들이장터,상설장,35.31147841,127.444496,21,Y,Y,2014
나주목사고을시장,상설장+5일장,35.03624663,126.7237639,133,Y,Y,2012
목포종합수산시장,상설장,34.7877699,126.3898749,140,Y,Y,1989
자유시장,상설장,34.79296427,126.4030688,168,Y,Y,1999
신중앙시장,상설장,34.81025124,126.3775235,101,Y,Y,1998
청호시장,상설장,34.81537749,126.4245916,202,Y,Y,1999
항동시장,상설장,34.78600878,126.3856159,115,Y,Y,2005
동부시장,상설장,34.80439429,126.3930608,268,Y,Y,1972
제천고추시장,상설장,37.15643952,128.1750444,56,Y,Y,2003
제천중앙시장,상설장,37.13662174,128.211302,683,Y,Y,2005
내토전통시장,상설장,37.13734917,128.2124165,57,Y,Y,2007
동문전통시장,상설장,37.13850912,128.2135267,51,N,Y,2007
제천약초시장,상설장,37.12788708,128.219591,61,Y,Y,2005
제천역전한마음시장,상설장+5일장,37.12898225,128.2064464,62,Y,Y,2005
증평장뜰재래시장,상설장+5일장,36.78338958,127.5829564,94,Y,Y,1992
운수대통 생거진천전통시장,상설장+5일장,36.85993812,127.4501601,73,Y,Y,1976
진천중앙시장,상설장+5일장,36.85685858,127.4423712,53,Y,Y,1950
청주사창시장,상설장,36.63361051,127.4652985,94,Y,Y,1981
중앙시장,상설장,36.63882235,127.4889294,113,Y,N,1980
서문시장,상설장,36.63511643,127.4853665,106,Y,Y,1964
육거리종합시장,상설장+5일장,36.62794095,127.4881836,385,Y,Y,1970
사직시장,상설장,36.63614197,127.4768752,55,Y,Y,1981
청주두꺼비시장(구수곡시장),상설장,36.61744097,127.4729928,70,Y,N,1997
원마루시장,상설장,36.60903727,127.496414,120,Y,N,1998
북부시장,상설장,36.64797205,127.4862188,145,Y,Y,1970
오창전통시장,상설장+5일장,36.74173743,127.455627,89,Y,Y,1964
가경터미널시장,상설장,36.62770325,127.4349084,81,Y,Y,1994
복대가경시장,상설장,36.6295133,127.4432597,74,Y,Y,1990
직지시장,상설장,36.64658274,127.466327,55,Y,Y,1989
병천시장,상설장+5일장,36.76242249,127.298161,160,Y,Y,1918
성환이화시장,상설장+5일장,36.91810627,127.1309131,88,Y,Y,1914
성정시장,상설장,36.81267105,127.1392027,71,Y,Y,1988
청양전통시장,상설장+5일장,36.45048364,126.8018476,53,Y,Y,1971
정산시장,상설장+5일장,36.41059786,126.9480121,104,Y,Y,1919
태안동부시장(태안특산물전통시장),상설장+5일장,36.75151879,126.298721,99,Y,Y,1918
태안서부시장,상설장,36.75319167,126.2966565,154,Y,Y,1975
홍성상설시장,상설장,36.59973826,126.6637095,89,Y,Y,1981
홍성전통시장,상설장+5일장,36.60214738,126.6680243,220,Y,Y,1943
괴산전통시장,상설장+5일장,36.81122141,127.795017,148,Y,Y,1970
목도재래시장,상설장+5일장,36.87204723,127.8530539,72,Y,Y,1970
연풍전통시장,상설장+5일장,36.76472436,127.9951069,72,Y,Y,1970
청천전통시장,상설장+5일장,36.65914155,127.7378523,104,Y,Y,1964
단양구경시장(단양인정시장),상설장+5일장,36.9824892,128.3699866,120,Y,Y,1985
매포전통시장(매포재래시장),상설장+5일장,37.03422177,128.2990703,62,Y,Y,1992
하복대시장,상설장,36.63564465,127.4274621,61,N,N,2002
충주농산물종합시장(중앙청과시장),상설장,37.00399789,127.9230847,160,Y,Y,1995
목행시장,상설장+5일장,37.01395405,127.9173286,116,Y,Y,1982
무학시장,상설장,36.97459102,127.9272665,179,Y,Y,1970
관아골상가,상설장,36.97012329,127.9351179,104,Y,Y,2000
중앙어울림시장,상설장,36.97189219,127.9336123,41,Y,Y,1969
"성서중심시장(성서시장,문화의거리 통합)",상설장,36.97133411,127.9323927,336,Y,Y,1990
연원시장,상설장+5일장,36.98929115,127.9348022,56,Y,Y,1997
충주옹달샘시장,상설장,36.9646875,127.9325926,62,Y,Y,1970
충주자유시장,상설장+5일장,36.97393363,127.9306725,410,Y,Y,1970
송정매일시장,상설장,35.13745243,126.7968406,46,Y,Y,1982
역전시장,상설장+5일장,36.68702378,126.8298521,37,Y,Y,1955
예산상설시장,상설장+5일장,36.67696718,126.8499667,100,Y,Y,1981
천안역전시장,상설장,36.80990757,127.1489083,120,Y,Y,1955
천안중앙시장(구 남산중앙시장),상설장,36.80071908,127.1493019,520,Y,Y,1918
결초보은시장(구 보은종합시장),상설장+5일장,36.48291338,127.7193275,115,Y,Y,1964
보은전통시장,상설장+5일장,36.48429642,127.7201103,55,Y,Y,1964
회인재래시장,상설장+5일장,36.49052262,127.5978628,48,Y,N,1981
옥천상가,상설장,36.302388,127.5682115,54,Y,Y,1977
옥천공설시장,상설장,36.30251559,127.5679118,29,Y,Y,1964
감곡시장,상설장+5일장,37.11822831,127.6391733,50,Y,Y,1960
무극시장,상설장+5일장,36.99267414,127.5960077,108,Y,Y,1950
대소시장,상설장+5일장,36.96654372,127.4850145,82,Y,Y,1964
삼성시장,상설장+5일장,37.01800836,127.4991966,61,Y,Y,1960
음성시장,상설장+5일장,36.93816952,127.6921309,160,Y,Y,1950
덕산면전통시장,상설장+5일장,36.90858319,128.1679776,50,Y,Y,2007
부강전통시장,상설장+5일장,36.52850118,127.3688876,92,Y,Y,1964
전의왕의물시장,상설장+5일장,36.6777398,127.2058824,81,Y,Y,1946
세종전통시장,상설장+5일장,36.59978855,127.3006053,331,Y,Y,1931
공주산성시장,상설장+5일장,36.45881265,127.1226143,567,Y,Y,1937
유구시장,상설장+5일장,36.55270354,126.9518599,72,Y,Y,1928
산성시장활성화구역,상설장,36.4548805,127.1256762,257,Y,Y,1937
청량리청과물시장,상설장,37.58026982,127.0424763,154,Y,Y,1960
청량리농수산물시장,상설장,37.58091962,127.0408808,123,Y,Y,1970
청량리전통시장,상설장,37.58061217,127.043606,70,N,N,2003
회기시장,상설장,37.59096898,127.0549831,67,Y,Y,1980
이경시장,상설장,37.59459401,127.0665581,13,N,N,1974
남성사계시장,상설장,37.48816723,126.9815693,129,Y,Y,1960
남성역골목시장,상설장,37.48297561,126.9723106,66,N,Y,1960
상도전통시장,상설장,37.49874579,126.9521073,73,Y,Y,1970
성대시장,상설장,37.499747,126.9319148,46,Y,Y,1979
공덕시장,상설장,37.54478749,126.9532661,35,Y,N,1974
마포시장,상설장,37.54531004,126.9531865,100,Y,N,1977
망원동월드컵시장,상설장,37.55873307,126.9050773,50,Y,N,2006
망원시장,상설장,37.55715706,126.9059961,80,Y,Y,2006
마포농수산물시장,상설장,37.56519673,126.8984816,142,Y,Y,1998
아현시장,상설장,37.55640207,126.9550809,148,Y,N,2013
연희사러가,상설장,37.56714756,126.9296631,31,Y,Y,1971
영천시장,상설장,37.57033385,126.961853,138,Y,N,1960
포방터시장,상설장,37.5986742,126.9488953,88,Y,Y,1960
인왕시장,상설장,37.59076112,126.943681,96,Y,Y,1972
남부종합시장,상설장,37.49499733,126.9848131,134,Y,Y,1978
양재시장,상설장,37.48430625,127.0379675,35,Y,N,1981
금남시장,상설장,37.54862374,127.0230443,117,Y,Y,1962
마장축산물시장,상설장,37.57068419,127.0412827,847,Y,Y,1963
뚝도시장,상설장,37.53780127,127.0548196,141,Y,Y,1962
용답상가시장,상설장,37.56417453,127.0525299,167,Y,Y,2011
길음시장,상설장,37.60278279,127.0215958,86,Y,Y,1960
돌곶이시장(구 석관황금시장),상설장,37.60950239,127.0616561,82,Y,N,1970
정릉아리랑시장,상설장,37.60276623,127.0110414,51,N,N,1960
원당종합시장,상설장,37.47441435,126.9659151,17,Y,N,1980
신림중앙시장,상설장,37.48314387,126.9114142,49,Y,Y,1978
봉천제일종합시장,상설장,37.48125387,126.944419,31,Y,Y,1976
노룬산시장(건물형),상설장,37.5364854,127.0648775,44,Y,Y,1970
조양시장(건물형),상설장,37.53899664,127.0674931,21,Y,N,1970
능동로골목시장,상설장,37.53514624,127.0666637,74,Y,N,1973
광성시장,상설장,37.56358171,127.0811202,19,Y,Y,1980
신성종합시장(건물형),상설장,37.55808075,127.0880508,19,Y,N,1977
중곡제일시장(이오상사),상설장,37.56391495,127.0813016,138,Y,Y,1971
한아름시장,상설장,37.54396524,127.0697607,33,Y,Y,1980
가리봉시장,상설장,37.48167439,126.8890749,65,Y,N,1970
고척근린시장,상설장,37.50195711,126.8511138,68,Y,Y,1990
고척골목시장상점가,상설장,37.50336999,126.862737,72,Y,N,1980
남구로시장,상설장,37.49020442,126.8864389,184,Y,Y,1970
구로시장,상설장,37.48963599,126.8856144,154,Y,N,1962
별빛남문시장,상설장,37.47374661,126.9004255,108,Y,Y,1970
수유프라자,상설장,37.63169515,127.0234508,67,Y,Y,1998
비단길현대시장,상설장,37.45772651,126.9048774,185,Y,Y,2007
공릉동도깨비시장,상설장,37.62269001,127.0762455,109,N,Y,1977
상계중앙시장,상설장,37.65996769,127.0698577,80,Y,Y,1975
신도봉시장,상설장,37.67001813,127.0411223,160,Y,Y,1974
방학동도깨비시장,상설장,37.6659383,127.0362011,88,Y,Y,1982
쌍문시장,상설장,37.6483701,127.0329744,68,N,N,1983
백운시장,상설장,37.65549577,127.0148796,64,N,N,1970
창동신창시장,상설장,37.639431,127.0374459,76,Y,Y,1978
창동골목시장,상설장,37.63840333,127.0391448,59,Y,N,1970
답십리시장,상설장,37.57315455,127.0586943,79,Y,N,1970
답십리건축자재시장,상설장,37.56746274,127.053483,117,N,N,
청량리수산시장,상설장,37.57807246,127.0409472,118,Y,N,1979
이문제일시장,상설장,37.60432691,127.0625465,25,Y,N,1972
전곡시장,상설장,37.57789747,127.0684698,15,Y,N,1975
전농로터리시장,상설장,37.57814435,127.0570279,99,Y,N,1974
서울약령시장,상설장,37.58060537,127.0375862,976,Y,Y,1960
조암시장,상설장+5일장,37.082198,126.8170739,420,Y,Y,1929
시화유통상가,상설장,37.33533243,126.7284453,1804,Y,Y,2022
강남시장,상설장,37.51876501,127.020678,72,Y,Y,1974
신사상가,상설장,37.53228744,127.028409,84,Y,N,1976
청담삼익시장,상설장,37.52244687,127.0576251,176,Y,Y,1980
길동복조리시장,상설장,37.53757331,127.1437637,164,N,Y,2011
명일전통시장,상설장,37.54952811,127.1449523,51,Y,Y,2011
둔촌역전통시장,상설장,37.52806012,127.1349664,87,Y,Y,2010
성내전통시장,상설장,37.53416778,127.1278835,81,N,Y,2011
암사종합시장,상설장,37.55054704,127.1287149,119,Y,Y,2006
고분다리전통시장,상설장,37.54248857,127.1319259,104,Y,Y,2011
수유시장,상설장,37.63073125,127.0226688,66,Y,Y,1966
수유재래시장,상설장,37.63153319,127.0223292,106,Y,Y,2005
백년시장(강북종합전통시장),상설장,37.64155145,127.0257426,87,N,N,
수유전통시장(수유골목시장),상설장,37.63073125,127.0226688,82,Y,Y,2005
장미원골목시장,상설장,37.64512114,127.015478,98,Y,N,2015
등마루시장,상설장,37.55666129,126.8602626,60,Y,Y,1980
대원종합시장,상설장,37.5444853,126.8364772,30,Y,Y,1978
까치산시장,상설장,37.53152613,126.8478644,140,Y,Y,1970
남부화곡시장,상설장,37.53307159,126.858949,20,Y,Y,1978
남부골목시장,상설장,37.53318098,126.8600236,149,Y,Y,1970
화곡중앙시장,상설장,37.53488481,126.8395077,56,N,N,1979
화곡본동시장,상설장,37.54288286,126.8441299,50,Y,N,1968
봉일시장,상설장,37.48592711,126.9383777,27,Y,Y,1971
인헌시장,상설장,37.47486452,126.9647731,52,Y,Y,1980
봉천중앙시장,상설장,37.48419585,126.9543218,24,Y,Y,1969
봉천현대시장,상설장,37.48643059,126.9465863,26,Y,Y,1972
관악신사시장,상설장,37.48678805,126.9170747,100,Y,Y,1977
우림시장,상설장,37.47042842,126.9210041,17,Y,Y,1977
신림현대종합상가,상설장,37.47462652,126.9338049,99,Y,Y,1993
원당시장,상설장,37.65628119,126.8372523,68,N,Y,
능곡시장,상설장+5일장,37.62134419,126.8207793,41,Y,Y,2000
일산시장,상설장,37.68562383,126.7708323,88,Y,Y,
덕이동패션1번지,상설장,37.69302668,126.7557864,45,Y,Y,2001
과천새서울프라자시장,상설장,37.42682749,126.9925547,200,Y,Y,2004
제일쇼핑시장,상설장,37.42733209,126.9929952,80,Y,Y,2005
광명새마을시장,상설장,37.47365007,126.8513959,179,Y,Y,1986
광명전통시장,상설장,37.47994501,126.8561659,315,Y,Y,1972
경안시장,상설장+5일장,37.40885891,127.25703,91,Y,Y,2005
구리전통시장,상설장,37.59953937,127.1399081,321,Y,Y,1977
군포역전시장,상설장,37.35386925,126.9476651,60,Y,Y,1970
산본시장,상설장,37.36966875,126.938123,220,Y,Y,1985
통진시장,상설장,37.69129373,126.5997032,78,N,N,2012
남양주장현 전통시장,상설장+5일장,37.71836516,127.1827774,172,Y,N,1995
동두천제일시장,상설장,37.90517383,127.0522256,45,Y,Y,2005
통인시장,상설장,37.5807607,126.9699423,74,Y,N,1960
남대문시장,상설장,37.55918357,126.9776585,5111,Y,N,1964
숭례문수입상가,상설장,37.5593725,126.9762097,565,Y,Y,1980
삼익패션타운,상설장,37.56043619,126.9789484,1116,Y,Y,1985
대림상가,상설장,37.5671459,126.9954271,369,Y,Y,1972
청계상가,상설장,37.56797977,126.9953591,180,Y,Y,1972
남평화시장,상설장,37.56917723,127.0108327,547,Y,Y,1979
동평화시장,상설장,37.56935713,127.0137871,1115,Y,Y,1969
신평화패션타운,상설장,37.56945652,127.0110704,1385,Y,N,1968
벨포스트,상설장,37.56814098,127.0119645,400,Y,Y,1980
제일평화시장,상설장,37.56851044,127.0113985,780,Y,Y,1981
테크노상가,상설장,37.56884362,127.0132437,200,Y,Y,1996
Team204,상설장,37.56771738,127.0131982,225,Y,Y,1996
신중부시장,상설장,37.56553771,126.9994001,213,Y,Y,2005
중부시장,상설장,37.56506017,127.0019016,500,Y,N,1957
동화상가,상설장,37.5686099,127.0069161,975,Y,Y,1968
용현시장,상설장,37.45756673,126.6503669,211,Y,Y,1963
토지금고시장,상설장,37.45154621,126.6378049,125,Y,Y,2001
석바위시장,상설장,37.46015327,126.6927408,171,Y,Y,1979
인천남부종합시장,상설장,37.44737486,126.6783959,123,Y,Y,1987
부평종합시장,상설장,37.49649301,126.7266189,200,Y,Y,1974
진흥종합시장,상설장,37.49695039,126.7257012,54,Y,Y,1982
부평깡시장,상설장,37.49788036,126.7265347,145,Y,Y,1950
부평문화의거리,상설장,37.49408196,126.7250051,216,Y,Y,1982
십정종합시장(열우물전통시장),상설장,37.47340163,126.6955015,64,Y,Y,1985
일신시장(부일종합시장),상설장,37.48471821,126.7432825,75,Y,Y,2020
정서진중앙시장,상설장,37.51857192,126.675938,116,Y,Y,1989
동대문종합시장,상설장,37.57044781,127.0087501,3400,Y,Y,1969
동대문종합시장D동상가,상설장,37.57070019,127.0073238,1050,Y,N,1976
동대문종합시장 신관(동대문쇼핑타운),상설장,37.57081727,127.0080936,311,Y,Y,1987
동문시장㈜,상설장,37.57051095,127.011128,320,Y,N,1969
통일상가,상설장,37.56915955,127.006203,688,Y,N,1969
평화시장,상설장,37.56942974,127.0080481,2070,Y,Y,1961
방산종합시장,상설장,37.56872723,127.0008037,680,Y,Y,1976
신중앙시장,상설장,37.5673831,127.0197632,90,Y,N,1962
황학시장,상설장,37.5673831,127.0197632,110,N,N,2017
자유상가,상설장,37.56095891,126.9797744,68,Y,N,1973
중랑동부시장(동부골목시장),상설장,37.59150529,127.0784896,110,Y,Y,1970
동원전통종합시장,상설장,37.58982861,127.0921089,123,Y,Y,1970
동원시장,상설장,37.58983934,127.0898896,14,Y,N,1971
면목시장,상설장,37.57954367,127.0862998,35,Y,Y,1968
면목골목시장,상설장,37.57749074,127.0844409,96,Y,Y,1970
사가정시장,상설장,37.58108117,127.0893792,137,N,N,1970
중랑교종합상가,상설장,37.59294778,127.077121,64,Y,Y,1971
신아타운,상설장,37.60645884,127.0947115,165,Y,Y,1999
태능엔터피아,상설장,37.59926352,127.0775053,46,Y,Y,1975
장미제일시장,상설장,37.60519028,127.0765356,56,Y,N,1970
정릉시장,상설장,37.60846962,127.0096832,114,Y,Y,1970
마천중앙시장,상설장,37.49720945,127.1501548,141,Y,Y,1968
방이시장,상설장,37.50995926,127.1178663,138,Y,Y,1986
석촌시장,상설장,37.5001761,127.1065307,72,Y,Y,1970
새마을시장,상설장,37.5087614,127.0859921,116,Y,Y,1976
풍납시장,상설장,37.53803468,127.1176729,143,Y,Y,1960
목사랑시장 (목4동시장),상설장,37.53762108,126.8662157,84,Y,Y,1972
목2동시장,상설장,37.54605386,126.8738841,82,Y,N,1970
우성상가시장,상설장,37.52265902,126.8335723,11,Y,Y,1988
신곡종합시장,상설장,37.5183654,126.8431968,34,Y,N,1976
신영시장,상설장,37.53301495,126.836027,106,Y,Y,1981
경창시장,상설장,37.52493227,126.8421197,50,Y,Y,1983
오목교중앙시장,상설장,37.52182922,126.8769679,62,N,N,
대림중앙시장,상설장,37.49037993,126.9012741,91,Y,N,
영일시장,상설장,37.51613921,126.9007199,120,Y,Y,1970
동남상가,상설장,37.52059746,126.9056573,55,Y,N,1971
삼구시장,상설장,37.52014379,126.9057597,62,Y,N,1975
영신상가,상설장,37.51991925,126.9066537,99,Y,N,1970
보광시장,상설장,37.52719119,127.0002941,12,Y,Y,1975
만리시장,상설장,37.55133241,126.963696,34,Y,N,1968
신흥시장,상설장,37.54531838,126.9850858,64,Y,N,1969
이촌종합시장,상설장,37.52073939,126.9747838,90,Y,Y,1967
이태원시장,상설장,37.53382214,126.9900549,105,Y,N,1960
제일시장,상설장,37.61062032,126.9294636,51,Y,N,1970
대조시장,상설장,37.60985344,126.9277428,58,Y,Y,1976
연서시장,상설장,37.61969094,126.9221945,88,Y,Y,1963
대림시장,상설장+5일장,37.58679729,126.9177421,64,Y,Y,1979
증산종합시장,상설장,37.58146516,126.9050598,57,Y,Y,1971
신설종합시장,상설장,37.57266283,127.0203419,161,Y,N,1971
광장시장,상설장,37.57011477,126.9997057,1300,Y,Y,1905
종로신진시장,상설장,37.57023179,127.0049467,65,Y,N,1952
한일상가,상설장,37.57013275,127.0030223,325,Y,Y,1984
경동광성상가,상설장,37.5809924,127.0388091,85,Y,N,1960
경동시장,상설장,37.57903713,127.0391477,678,Y,Y,1960
동서시장,상설장,37.57972118,127.0412198,52,Y,Y,1972
청량종합도매시장(깡통시장),상설장,37.58194677,127.0408474,45,Y,Y,1993
청량리종합시장,상설장,37.58015373,127.0410276,153,Y,Y,1960
중앙시장,상설장,37.90690295,127.0537505,173,Y,Y,1967
동두천큰시장,상설장+5일장,37.90048898,127.0520744,104,Y,Y,1960
세아프라자상가,상설장,37.90072388,127.0505851,385,Y,Y,2008
조공시장,상설장,37.47917913,126.805766,55,N,N,1987
강남시장,상설장,37.50749709,126.7814664,113,Y,Y,1985
신흥시장,상설장,37.51533645,126.7705849,65,Y,Y,1984
부천상동시장,상설장,37.49235745,126.7642776,131,Y,Y,1986
부천한신시장,상설장,37.47312039,126.7980266,95,Y,Y,1986
소사종합시장,상설장,37.4796637,126.7939615,48,Y,Y,1980
청과물시장,상설장,37.48158095,126.7779919,16,N,N,1973
고리울동굴시장,상설장,37.52554379,126.8222757,74,N,Y,1990
오정시장,상설장,37.52596962,126.7857002,77,N,N,1992
역곡상상시장,상설장,37.48757743,126.8118954,99,Y,Y,1984
원미부흥시장,상설장,37.49203622,126.7898115,54,Y,N,1980
원미종합시장,상설장,37.49368572,126.7901781,42,Y,N,1985
부천제일시장,상설장,37.52795693,126.8097237,164,N,Y,1981
설악눈메골시장,상설장+5일장,37.6773832,127.4921099,94,Y,Y,2016
가평잣고을시장,상설장+5일장,37.82972123,127.5152015,119,Y,Y,2015
청평여울시장,상설장+5일장,37.73476563,127.4158572,79,Y,Y,2018
원종중앙시장,상설장,37.52507056,126.8023099,60,Y,Y,1991
중동사랑시장(부천중동시장),상설장,37.49497098,126.764586,102,Y,Y,1995
코끼리시장,상설장,37.37311059,127.1204292,108,Y,Y,1996
분당종합시장,상설장,37.36718424,127.1267528,42,Y,Y,1996
현대프라자시장,상설장,37.3699897,127.1236643,95,Y,Y,1996
동신종합시장,상설장,37.37062115,127.1229653,86,Y,Y,1993
분당우성시장,상설장,37.37817959,127.1323828,79,Y,Y,1995
미래타운제2종합시장,상설장,37.37225241,127.1388753,64,Y,Y,1994
미래그린시장,상설장,37.37341572,127.1380307,154,Y,Y,1994
범한프라자시장,상설장,37.37163004,127.1394386,84,Y,Y,2015
미금현대벤처빌시장,상설장,37.34928693,127.1117684,121,Y,Y,2001
금호행복시장(금호시장),상설장,37.37665581,127.1162348,170,Y,Y,1994
청구문화시장,상설장,37.37665581,127.1162348,97,Y,Y,1992
현대시장(분당),상설장,37.37970477,127.1301725,105,Y,Y,1992
코코프라자시장,상설장,37.38586536,127.1240404,66,Y,Y,1994
중앙공설시장,상설장,37.44139541,127.1321099,115,Y,Y,2006
신흥시장,상설장,37.44397719,127.143381,52,Y,Y,1977
현대시장,상설장,37.4417019,127.1319748,46,Y,Y,1974
하대원공설시장,상설장,37.42746296,127.1422423,100,Y,Y,2018
상대원시장,상설장,37.43597453,127.158778,70,Y,Y,1996
모란전통기름시장,상설장,37.4309121,127.1280127,52,Y,Y,2018
금광시장,상설장,37.45003783,127.159904,20,Y,Y,1991
모란종합시장,상설장+5일장,37.4303345,127.1288817,62,Y,Y,1974
은행시장,상설장,37.45758204,127.164475,50,Y,Y,2014
모란가축시장,상설장,37.4303345,127.1288817,40,N,Y,2017
권선종합시장,상설장,37.25610696,127.0245738,108,Y,Y,2005
구매탄시장,상설장,37.27260017,127.0419199,118,Y,Y,2006
정자시장,상설장,37.29069027,127.0008813,150,Y,Y,2009
장안문거북시장,상설장,37.29315046,127.0139733,119,Y,Y,2008
반딧불이연무시장,상설장,37.29395937,127.0259733,194,Y,Y,2011
조원시장,상설장,37.30078207,127.0153395,135,Y,N,2008
북수원시장,상설장,37.30702654,126.9921266,150,N,Y,2005
시민상가시장,상설장,37.27667892,127.0179844,54,Y,N,2005
지동시장,상설장,37.27788606,127.0196309,219,Y,Y,2005
화서시장,상설장,37.27858147,127.0020973,229,Y,Y,2005
미나리광시장,상설장,37.27727335,127.0196307,53,Y,Y,2006
대구예전우시장,상설장,35.85853653,128.5620298,40,Y,N,2011
달서송림시장,상설장,35.83685925,128.5470628,50,Y,Y,1983
달서시장,상설장,35.84019366,128.54425,215,Y,Y,2006
대동시장,상설장,35.81166479,128.5377894,104,Y,Y,2007
상원시장,상설장,35.80903113,128.5512909,70,Y,Y,2008
두류종합시장,상설장,35.84548989,128.5451496,32,Y,Y,1984
두류신시장,상설장,35.84527773,128.5462301,83,N,N,2015
송경종합시장,상설장,35.82709477,128.5516424,44,Y,N,1988
월촌역시장,상설장,35.82274189,128.5481718,59,Y,Y,2007
성서와룡시장,상설장,35.85582107,128.4993227,142,Y,Y,2006
성서용산시장,상설장,35.85513834,128.5213714,106,N,Y,2009
용산종합큰시장,상설장,35.85805075,128.5311686,61,Y,Y,2010
성서보성화성상가,상설장,35.85566206,128.5041129,35,Y,Y,1994
월배신시장,상설장,35.813256,128.5278755,58,N,N,2013
논공중앙시장,상설장,35.72838389,128.4465885,37,Y,Y,1996
현풍백년도깨비시장,상설장+5일장,35.69475898,128.4422247,81,Y,Y,1918
화원시장,상설장+5일장,35.80125474,128.499735,33,Y,Y,1914
산업용재관,상설장,35.90497291,128.6063945,1328,Y,Y,2017
전기재료관,상설장,35.90506337,128.6077144,197,Y,Y,2017
전자관,상설장,35.90720316,128.6070266,360,Y,Y,2017
전자상가,상설장,35.90545132,128.6049864,369,Y,Y,2017
서변중앙시장,상설장+5일장,35.92100516,128.596183,59,Y,N,2009
칠곡시장,상설장+5일장,35.94251904,128.5512255,58,Y,Y,1965
대구능금시장,상설장,35.87715081,128.6019682,120,Y,Y,2008
대구청과시장,상설장,35.87703471,128.6039146,110,Y,Y,2005
삼성시장,상설장,35.87781555,128.6034764,90,Y,N,1976
칠성시장,상설장,35.8763116,128.605428,223,Y,Y,1974
칠성본시장,상설장,35.87551455,128.6043822,80,N,Y,2015
칠성상가시장,상설장,35.87561023,128.6053142,54,Y,Y,2020
중앙시장,상설장,35.9216581,128.5449019,53,Y,Y,2007
새길시장,상설장,35.86504457,128.5715677,70,Y,N,1970
서부시장,상설장,35.87337382,128.5720533,135,Y,Y,1972
원고개시장,상설장,35.88028056,128.5682981,131,Y,Y,2011
불로전통시장,상설장+5일장,35.87461007,128.6889732,100,Y,Y,1930
반야월종합시장,상설장+5일장,35.87240724,128.7024478,500,Y,Y,1991
목련시장,상설장,35.86998779,128.7046656,62,Y,N,1990
동서시장,상설장,35.88820415,128.6333749,75,Y,N,1970
평화시장,상설장,35.88259978,128.6193995,72,Y,Y,1974
동대구역전시장,상설장,35.87430058,128.6205438,35,Y,N,1974
송라시장,상설장,35.87448539,128.6153112,48,Y,Y,1963
공항시장,상설장,35.8963962,128.6382503,62,Y,Y,1985
동구시장,상설장,35.87405704,128.6395727,150,Y,N,1977
관음시장,상설장,35.94492263,128.5472275,32,Y,N,2009
구암시장,상설장,35.926612,128.5541609,40,N,N,2010
팔달신시장,상설장,35.89068316,128.5659723,520,Y,Y,1976
동대구시장,상설장,35.88107854,128.6090909,77,Y,Y,1969
동대구신시장,상설장,35.88219175,128.6097877,98,Y,Y,2010
복현전통신시장,상설장,35.89327545,128.619193,66,N,N,2011
전기조명관,상설장,35.90569574,128.6082699,85,Y,Y,2017
원대신시장,상설장,35.88553022,128.5748073,45,Y,Y,1968
서구시장,상설장,35.87393821,128.5556896,99,Y,N,1979
대평리시장,상설장,35.87800549,128.5589352,65,Y,Y,1981
신평리시장,상설장,35.86809726,128.5606785,150,Y,Y,1980
청구시장,상설장,35.86485794,128.6440771,50,Y,Y,1980
수성현대시장,상설장,35.84954779,128.6094595,40,Y,N,1983
동성시장,상설장,35.85591488,128.6171376,68,Y,N,1971
수성시장,상설장,35.85426282,128.6160193,102,Y,Y,1971
태백시장,상설장,35.85519007,128.6167576,49,Y,Y,1974
신매시장,상설장,35.83727706,128.7097215,180,Y,N,2014
두원시장,상설장,35.83580893,128.625233,55,Y,Y,1998
지산목련시장(지산종합시장),상설장,35.82079684,128.631863,37,Y,Y,1990
염매시장,상설장,35.86686144,128.5916753,71,Y,N,1962
방천시장,상설장,35.86113952,128.6072142,68,Y,Y,2005
서문시장건해산물상가,상설장,35.86813973,128.5794894,84,Y,Y,2005
서문시장5지구,상설장,35.86808104,128.5784697,239,Y,Y,1977
동산상가,상설장,35.86895745,128.5817199,844,Y,Y,1977
서문시장제1지구포목시장,상설장,35.86938777,128.5798352,200,Y,Y,1974
서문시장제1지구직물시장,상설장,35.86938777,128.5798352,207,Y,Y,1974
명품프라자상가,상설장,35.86990532,128.5809084,120,Y,Y,2006
서문시장2지구종합상가,상설장,35.86881497,128.579536,1522,Y,Y,2015
서문시장4지구종합대체상가(베네시움),상설장,35.86672751,128.5827162,1205,Y,Y,2017
약령시장,상설장,35.86812814,128.5899293,240,Y,N,2015
번개시장,상설장,35.87508428,128.5981288,105,Y,Y,1988
중앙시장,상설장,35.87237538,128.5931143,30,Y,N,1972
옥수동새시장,상설장,34.87539656,128.7319145,35,Y,Y,1984
옥포국제시장,상설장,34.89435922,128.6895425,115,Y,Y,2006
옥현상가,상설장,34.89692238,128.6899341,75,Y,Y,1994
신부시장,상설장,34.8677231,128.7295445,50,Y,Y,1987
거창시장,상설장+5일장,35.68700298,127.9138722,293,Y,Y,1982
고성시장,상설장+5일장,34.97730013,128.3230514,265,Y,Y,1963
고성공룡시장,상설장,34.97266192,128.3233371,87,Y,Y,1910
배둔시장,상설장+5일장,35.05736209,128.3691501,29,Y,Y,1936
김해전통시장(김해동상시장),상설장,35.23624089,128.883862,180,Y,Y,1945
장유전통시장(장유중앙시장),상설장+5일장,35.20056341,128.8148125,98,Y,Y,1960
삼방시장,상설장,35.25078662,128.9096859,70,Y,Y,1990
외동전통시장,상설장,35.2329309,128.8660031,118,N,Y,1997
진영전통시장,상설장+5일장,35.30231684,128.7306322,72,Y,Y,1935
남해전통시장,상설장+5일장,34.84014878,127.8944844,115,Y,Y,1978
매산시장,상설장,37.26457025,127.0033483,103,N,N,2011
구천동공구상가시장,상설장,37.27211975,127.0173519,94,Y,Y,2005
남문로데오시장,상설장,37.27463391,127.0155146,174,Y,Y,2005
못골종합시장,상설장,37.27618303,127.0200138,86,Y,Y,2005
남문패션1번가시장,상설장,37.27562469,127.0181081,156,N,N,2005
역전시장,상설장,37.26630027,127.0023337,300,Y,Y,2006
도일시장,상설장+5일장,37.33951971,126.784087,74,Y,Y,1953
시흥삼미시장,상설장,37.44040657,126.7838201,152,Y,Y,1987
정왕시장,상설장,37.34556837,126.7489598,74,Y,Y,2002
오이도전통수산시장,상설장,37.34588337,126.6882074,74,Y,Y,1999
시화공구상가,상설장,37.33771151,126.7247015,954,Y,Y,1997
안산시시민시장,상설장+5일장,37.32536495,126.8050908,410,Y,Y,1997
스타프라자전통시장,상설장,37.32081608,126.8447219,137,Y,Y,2016
신안코아전통시장,상설장,37.29374921,126.8659882,166,Y,Y,1996
신안프라자전통시장,상설장,37.29647214,126.8658207,109,Y,Y,1992
월드프라자,상설장,37.30057013,126.8664493,223,Y,Y,2017
안산 다농마트 전통시장,상설장,37.32836033,126.8442469,275,Y,Y,2019
안성맞춤시장,상설장,37.00663081,127.2703585,137,Y,Y,1983
중앙시장,상설장+5일장,37.00656227,127.2687966,67,Y,Y,2007
안양관양시장,상설장,37.4052233,126.9593052,142,Y,N,2006
안양호계종합시장,상설장,37.37258823,126.9592777,178,Y,Y,2008
안양남부시장,상설장,37.39593498,126.924956,175,Y,Y,2005
중앙시장,상설장,37.39757136,126.919669,315,Y,Y,1961
박달시장,상설장,37.40464613,126.9096092,126,Y,Y,2005
석수시장,상설장,37.41286218,126.9079953,135,Y,Y,1979
안양중앙인정시장,상설장,37.39648106,126.9195685,412,Y,Y,2006
중부농수산물시장,상설장,37.39590837,126.9256223,31,Y,Y,1982
양동쌍학시장,상설장+5일장,37.42017548,127.7531956,100,Y,Y,1950
양평물맑은시장,상설장+5일장,37.49093506,127.4925686,206,Y,Y,1970
용문천년시장,상설장+5일장,37.48396864,127.5947554,153,Y,Y,1982
여주한글시장(여주중앙로상점가),상설장+5일장,37.29755162,127.6342927,180,Y,Y,2007
전곡전통시장,상설장,38.02715221,127.0681662,64,Y,Y,1963
오색시장,상설장+5일장,37.15133204,127.0709405,320,Y,Y,1914
죽전로데오상점가시장,상설장,37.32876491,127.1080484,130,Y,Y,1996
용인중앙시장,상설장+5일장,37.23671682,127.2078548,506,Y,Y,1960
부곡도깨비시장,상설장,37.31946613,126.9507058,128,Y,Y,1980
의정부시장,상설장,37.73944331,127.0511786,40,Y,Y,1978
의정부제일시장,상설장,37.74011951,127.0500672,334,Y,Y,1976
관고전통시장,상설장+5일장,37.28081691,127.4403638,99,Y,Y,1930
사기막골도자기시장,상설장,37.29367853,127.4117477,61,Y,Y,1978
장호원전통시장,상설장+5일장,37.11808847,127.6312509,64,Y,Y,1955
광탄시장,상설장+5일장,37.78145915,126.8484774,113,Y,Y,2005
금촌전통시장,상설장+5일장,37.76261761,126.7738861,95,Y,Y,2006
금촌문화로시장,상설장,37.76225011,126.7748746,130,Y,Y,2013
금촌명동로시장,상설장,37.76330134,126.773362,85,Y,Y,2013
적성전통시장,상설장+5일장,37.95460991,126.9186679,82,Y,Y,2013
봉일천시장,상설장+5일장,37.74353235,126.8078457,139,Y,Y,2017
서정리시장,상설장+5일장,37.05742213,127.0555064,100,Y,Y,1950
평택국제중앙시장,상설장,37.07987834,127.0521939,216,Y,Y,1950
안중시장,상설장+5일장,36.98766055,126.9276616,115,Y,Y,1960
송탄시장,상설장+5일장,37.08146214,127.0567273,142,Y,Y,1960
통복시장,상설장+5일장,36.99782533,127.0850763,594,Y,Y,1950
일동전통시장,상설장,37.95978103,127.3194792,35,Y,Y,1980
덕풍전통시장,상설장+5일장,37.54154098,127.202916,142,Y,Y,1980
신장전통시장,상설장,37.53788481,127.2070246,76,Y,Y,1928
남양시장,상설장+5일장,37.20902222,126.8161038,522,Y,Y,1935
궁평항해오름수산시장,상설장,37.11602674,126.6812763,158,Y,Y,2006
사강시장,상설장+5일장,37.21330187,126.7360036,341,Y,Y,1921
장량성도시장,상설장,36.06827244,129.3813701,62,Y,N,1993
죽도시장,상설장,36.03641447,129.3681411,460,Y,Y,1971
죽도농산물시장,상설장,36.03457995,129.3679641,458,Y,Y,1971
대명중앙시장,상설장,35.83680695,128.5677124,77,Y,Y,1976
관문상가시장,상설장,35.836547,128.5572825,211,Y,Y,2005
관문시장,상설장,35.8355326,128.5590665,122,Y,Y,1972
남부시장,상설장,35.84140021,128.5769336,106,Y,N,1971
대명시장,상설장,35.85841092,128.5771598,110,Y,Y,1975
명덕시장,상설장,35.84479575,128.5882681,42,Y,N,1967
성당시장,상설장,35.85017533,128.5729677,91,Y,Y,1971
영선신시장,상설장,35.85230042,128.5929228,120,Y,Y,2006
영선시장,상설장,35.85217011,128.5921006,125,Y,Y,1976
봉덕신시장,상설장,35.84510487,128.6033943,219,Y,Y,2006
봉덕시장,상설장,35.84571394,128.6036931,101,Y,Y,1972
대명신시장,상설장,35.85774192,128.5766374,60,Y,Y,2011
서남신시장,상설장,35.85401413,128.5459017,130,Y,Y,2006
월성청구시장,상설장,35.82752932,128.5311131,185,Y,Y,1993
대곡시장,상설장,35.80758537,128.535454,95,Y,Y,2007
도원시장,상설장,35.80757826,128.536715,56,Y,Y,2007
서대구시장,상설장,,,76,Y,Y,1970
신내당시장,상설장,35.85461519,128.5538543,87,Y,Y,1981
양덕중앙시장,상설장,35.23264857,128.5842725,111,Y,N,1982
역전통합시장,상설장,,,66,Y,Y,1981
코오롱타운상가,상설장,35.26630543,128.5249843,72,Y,Y,2002
서호전통시장,상설장,34.84146566,128.4201161,240,Y,Y,1984
통영중앙전통시장,상설장+5일장,34.84529762,128.4246206,275,Y,Y,1980
장전상가시장,상설장,35.23085024,129.0861108,57,Y,N,1974
기장시장,상설장,35.24369155,129.2148692,136,Y,Y,1944
동성하이타운시장,상설장,35.13356423,129.0875305,260,Y,Y,1979
남광시장,상설장,35.12395869,129.0887175,50,Y,N,1955
못골골목시장,상설장,35.13586205,129.0896296,147,Y,Y,1965
대연시장,상설장,35.13567567,129.0884182,77,Y,Y,1970
용호골목시장,상설장,35.11640599,129.1114621,116,Y,Y,1975
용호삼성시장,상설장,35.12389935,129.1105368,25,Y,N,1977
용호1동골목시장,상설장,35.1243582,129.1102038,153,Y,Y,1977
우암골목시장,상설장,35.12618059,129.0709109,111,Y,N,1952
성북시장,상설장,35.13873344,129.0487528,111,Y,Y,1960
부산자유시장,상설장,35.14096583,129.0610388,1483,Y,Y,1975
부산진시장,상설장,35.13642531,129.0588399,1050,Y,Y,1974
범일골목시장,상설장,35.14161538,129.0544611,87,Y,N,1970
수정시장,상설장,35.12823716,129.0463919,59,Y,Y,1979
진교공설시장,상설장+5일장,35.02717394,127.9038204,52,Y,Y,1955
하동공설시장,상설장+5일장,35.06980844,127.7483806,150,Y,Y,1977
화개장터,상설장,35.18862637,127.6242177,76,Y,Y,2000
횡천공설시장(횡천시장),상설장+5일장,35.10921398,127.8107034,18,Y,Y,1965
가야상설시장(가야시장),상설장+5일장,35.27725861,128.4064722,89,Y,Y,1965
함양토종약초시장,상설장,35.62596226,127.8137124,23,Y,Y,2006
삼가시장,상설장+5일장,35.41281571,128.1222817,92,Y,Y,1956
초계시장,상설장+5일장,35.5593151,128.2668387,62,Y,Y,1930
합천시장,상설장+5일장,,,159,Y,Y,1985
명지시장,상설장,35.11254126,128.931598,105,Y,Y,1945
구서오시게시장,상설장,35.24734164,129.089741,103,Y,Y,1981
금사제일상가시장,상설장,35.22045187,129.1125513,40,Y,N,1979
부곡상가시장,상설장,35.22548538,129.0915165,88,Y,N,1979
서동시장,상설장,35.21641237,129.1023592,72,Y,Y,1965
서동전통골목시장,상설장,35.21521985,129.1022459,177,Y,N,1968
서동향토시장,상설장,35.21593515,129.1033531,170,Y,N,1980
수정전통시장,상설장,35.1301211,129.0463736,113,N,N,1960
초량상가시장,상설장,35.11890115,129.0399838,100,Y,N,1975
명장시장,상설장,35.20403146,129.1074706,37,Y,N,1980
동래시장,상설장,35.20380978,129.0859348,350,Y,Y,1970
신정시장,상설장,35.19679122,129.0694863,45,N,N,1977
국민시장,상설장,35.19840108,129.0582405,78,Y,Y,1977
사직시장,상설장,35.20005107,129.0623223,139,Y,Y,1978
수안인정시장,상설장,35.20149174,129.0865781,243,Y,Y,2007
서원시장,상설장,35.20039365,129.0990109,51,Y,Y,1977
안락상가시장,상설장,35.1954977,129.1033164,58,Y,Y,1976
충렬상가시장,상설장,35.19809586,129.1099534,30,Y,Y,1983
금강시장,상설장,35.20162069,129.0685651,30,N,N,1976
금성상가시장,상설장,35.20817748,129.0719375,15,Y,Y,1976
가야벽산상가,상설장,35.14661391,129.0269938,76,Y,Y,1990
개금골목시장,상설장,35.15183238,129.0247972,118,Y,N,1975
개금큰시장,상설장,35.14851071,129.0178858,51,Y,N,1978
당감골목시장,상설장,35.16327791,129.0408613,109,Y,N,1973
당감시장,상설장,35.1639102,129.0418428,73,N,N,1972
당감새시장,상설장,35.16505858,129.0421458,130,Y,N,2007
국제상가,상설장,35.1684408,129.028207,100,Y,Y,1995
동평새시장,상설장,35.16665641,129.0409128,59,N,N,1970
부산평화시장,상설장,35.14169298,129.0606731,930,Y,Y,1970
철뚝시장,상설장,35.14221852,129.061564,82,N,N,1968
골드테마거리,상설장,35.14193347,129.0597796,320,Y,Y,1980
서면종합시장,상설장,35.16191688,129.0589776,245,Y,Y,1980
부전인삼시장,상설장,35.16323429,129.0609058,64,Y,Y,1978
부전상가,상설장,35.16034809,129.0595526,733,Y,Y,1950
부전농수산물새벽시장,상설장,35.16224371,129.0583055,265,Y,N,1985
부산전자종합시장,상설장,35.16375165,129.0624353,135,Y,Y,1981
서면시장,상설장,35.15565904,129.0581395,230,Y,Y,1972
부전기장골목시장,상설장,35.16220291,129.0612344,66,Y,N,1950
양정시장,상설장,35.17278081,129.0697876,126,Y,Y,1971
연지시장,상설장,35.17090389,129.0513996,84,N,N,1970
서면중앙시장,상설장,35.16087856,129.0632892,180,Y,Y,1981
전포놀이터시장,상설장,35.1589864,129.0670129,70,Y,N,1972
성곡종합시장,상설장,35.17478551,129.0480782,40,Y,N,1978
초읍시장,상설장,35.17731295,129.0528903,59,Y,N,1980
정이있는구포시장,상설장+5일장,35.20835511,129.0038538,750,Y,Y,1934
구포축산물도매시장,상설장,35.19619211,128.9892082,165,Y,Y,1970
덕천시장,상설장,35.21121969,129.0134242,140,Y,Y,1980
만덕시장,상설장,35.21449706,129.0353682,63,Y,N,1976
만덕2동제일상가시장,상설장,35.2022338,129.0361266,40,Y,N,1995
부산산업용재유통상가,상설장,35.15327637,128.9810744,830,Y,Y,1995
부산새벽시장,상설장,35.15414647,128.9824232,289,Y,Y,2006
고려쇼핑센터,상설장,35.16362495,128.9841897,158,Y,Y,1985
부산산업용품상협동조합,상설장,35.15975736,128.9804306,1006,Y,Y,1998
르네시떼시장,상설장,35.16433455,128.9777212,2620,Y,Y,1999
사상시장,상설장,35.1666584,128.9855035,220,N,N,2017
복이있는덕포시장,상설장,35.17128054,128.9822575,180,Y,N,2007
우신종합상가,상설장,35.18311806,128.9912824,152,Y,Y,1992
모라전통시장,상설장,35.18762397,128.9874406,94,Y,Y,2014
부산광역시건축자재판매협동조합,상설장,35.13287687,128.9653867,71,N,Y,1996
부산광역시철강판매협동조합,상설장,35.13320862,128.9666014,50,N,N,1997
주례현대무지개상가,상설장,35.14496154,129.0049881,145,Y,Y,1996
주례럭키종합상가,상설장,35.14874465,129.0029195,72,Y,Y,2014
구덕대림상가,상설장,35.13532193,128.9922457,30,Y,Y,1992
학장반도보라상가,상설장,35.1372845,128.9791729,134,Y,Y,1994
영해종합시장,상설장,35.14070935,128.9879557,32,Y,Y,1995
감천시장,상설장,35.08826869,129.0055178,44,Y,N,1975
괴정골목시장,상설장,35.09934084,128.9937052,173,Y,Y,1973
사하시장,상설장,35.09835125,128.986466,52,Y,Y,1977
다대씨-파크,상설장,35.05514162,128.9719714,233,Y,Y,1996
당리시장,상설장,35.10546316,128.9753435,31,Y,Y,1980
신평종합시장,상설장,35.09157799,128.9768724,43,Y,Y,1981
신평골목시장,상설장,35.09107824,128.9771235,106,Y,Y,1975
장림시장,상설장,35.08093025,128.9677464,30,Y,Y,1976
장림골목시장,상설장,35.0804627,128.9676804,103,N,Y,1977
가락타운상가시장,상설장,35.10107699,128.9579668,130,Y,Y,1992
하단오일상설시장,상설장+5일장,35.10372566,128.9708055,108,Y,Y,1960
에덴시장,상설장,35.11148597,128.9629645,30,Y,Y,1980
충무동새벽시장,상설장,35.09276733,129.0249253,149,Y,Y,1965
대신시장,상설장,35.11037336,129.0197021,91,Y,N,1932
내일전통시장,상설장+5일장,35.49332954,128.7533093,120,Y,Y,1915
밀양아리랑시장,상설장+5일장,35.49306115,128.7525542,110,Y,Y,1915
수산시장,상설장+5일장,35.37422786,128.7087852,68,Y,Y,1951
삼천포종합시장,상설장+5일장,34.93234179,128.0785407,160,Y,Y,1987
삼천포전통수산시장,상설장,34.92717247,128.069893,171,Y,Y,1994
서포시장,상설장+5일장,35.00686028,127.9779028,57,Y,Y,1998
삼천포중앙시장,상설장+5일장,34.92892392,128.076712,200,Y,Y,1967
사천읍시장,상설장,35.08405876,128.0890111,174,Y,Y,1975
산청시장,상설장+5일장,35.41530225,127.8763044,74,Y,Y,1982
덕계종합상설시장,상설장,35.36975442,129.1471525,175,Y,Y,1995
양산북부시장,상설장,35.35045076,129.041194,129,Y,Y,1988
서창시장,상설장+5일장,35.41625784,129.1720087,38,Y,Y,1919
양산남부시장상가,상설장+5일장,35.34339273,129.037046,107,Y,Y,1995
신평시장,상설장+5일장,35.49059663,129.0858533,48,Y,N,1962
신반시장,상설장+5일장,35.46811354,128.3250368,21,Y,Y,1932
의령시장,상설장+5일장,35.31851733,128.2606589,99,Y,Y,1930
진주동성상가,상설장,35.18091944,128.0893345,325,Y,Y,1994
동부종합상가,상설장,35.18704685,128.1162152,60,Y,N,1980
자유시장,상설장,35.1801612,128.1103028,145,Y,Y,1979
진주청과시장,상설장,35.19624733,128.0866843,232,N,N,1960
이현종합상가,상설장,35.19198664,128.0661291,500,Y,Y,1993
일반성시장,상설장+5일장,35.17121682,128.2822147,60,Y,Y,1962
천전시장,상설장,35.18508371,128.0885806,73,Y,N,1945
평거한보하이타운,상설장,35.17261455,128.0592567,148,Y,Y,1995
이방정기시장,상설장+5일장,,,9,Y,Y,1956
창녕상설시장,상설장+5일장,,,78,Y,Y,1980
구암시장,상설장,35.24953898,128.5996435,52,Y,Y,1997
북마산가구시장,상설장,35.21035524,128.5722761,61,Y,Y,2013
월영대시장,상설장,35.17946019,128.5576742,110,Y,N,2013
마산어시장,상설장,35.20376135,128.5789567,703,Y,Y,1780
신마산반월시장,상설장,35.18922274,128.5610113,80,Y,N,2005
부림상시장,상설장,35.20612909,128.5729194,48,Y,Y,1982
부림시장,상설장,,,402,Y,Y,1981
북마산중앙시장,상설장,35.21603828,128.5711777,216,Y,Y,1976
산호시장,상설장,35.21837357,128.581716,92,Y,Y,1978
신마산시장,상설장,35.18109351,128.5617121,127,Y,Y,1998
정우새어시장,상설장,35.20410405,128.5787107,72,Y,Y,1996
진동시장,상설장+5일장,35.11359014,128.487923,24,Y,Y,1962
진동전통시장,상설장+5일장,35.11330907,128.4873257,72,Y,Y,2012
마산수산시장,상설장,35.20294284,128.5804284,260,Y,Y,2014
마산역번개시장,상설장,35.23672222,128.5787496,78,Y,Y,2011
구암현대시장,상설장,35.24770952,128.5910363,62,Y,N,1980
서마산시장,상설장,35.22901572,128.5691214,36,Y,Y,1978
석전시장,상설장,35.23040104,128.5749057,170,Y,Y,1980
명서시장,상설장,35.24935473,128.6465712,184,Y,Y,2005
대동그린코아상가,상설장,35.24497074,128.6698819,74,Y,Y,1991
북동공설시장,상설장,35.26617837,128.6206956,46,Y,Y,2001
가음대상가,상설장,,,260,Y,Y,1999
경창상가,상설장,35.22016471,128.6793234,81,Y,Y,1982
덕산그린피아상가,상설장,35.2216794,128.676027,84,Y,Y,1996
명곡종합상가,상설장,35.24848527,128.646224,185,Y,Y,1995
봉곡프라자상가,상설장,35.24543773,128.659521,80,Y,Y,1994
소계시장,상설장,35.25675239,128.5989701,66,Y,N,1984
토월복합상가시장,상설장,35.22803686,128.6919407,269,Y,Y,1992
도계부부시장,상설장,35.25721522,128.6371383,99,Y,Y,2007
봉곡민속체험시장,상설장,35.2469697,128.6719663,136,Y,Y,1987
소답시장,상설장+5일장,35.26563899,128.6212756,54,Y,Y,2012
소계옛길시장,상설장,35.25791345,128.5982669,57,Y,N,2015
경화시장,상설장+5일장,,,140,Y,Y,1955
진해중앙시장,상설장,35.15106741,128.6656454,324,Y,Y,1946
창원기계공구상가,상설장,35.23376619,128.6410715,214,Y,Y,1993
합성옛길시장,상설장,35.23534201,128.5820118,102,N,N,2013
동마산시장,상설장,35.24003195,128.5875359,128,Y,Y,1978
합성동상가,상설장,35.23772413,128.5834595,74,Y,Y,2011
서대신1동골목시장,상설장,35.1086586,129.0144397,45,N,N,1950
대동훼미리코아상가,상설장,35.21174899,128.7076298,115,Y,Y,1992
성원3차종합상가,상설장,35.21499999,128.7052999,105,Y,Y,1992
대방덕산1차상가,상설장,35.2136147,128.7068944,68,Y,Y,1992
동성올림픽타운,상설장,35.22223259,128.6777296,92,Y,Y,1993
반송시장,상설장,35.23514045,128.6710424,150,Y,Y,2005
상남시장,상설장+5일장,35.22221729,128.6833743,408,Y,Y,2000
성원그랜드쇼핑상가,상설장,35.21937354,128.6915928,550,Y,Y,1994
양곡시장,상설장,35.20085421,128.6283314,103,Y,Y,1980
양곡유신종합상가,상설장,35.20755326,128.6267741,39,Y,Y,1981
중앙시장(창원중앙시장),상설장,35.22720352,128.6760527,225,Y,Y,1980
창원캔버라상가,상설장,35.22123568,128.6768305,25,Y,Y,1993
경민인터빌상가,상설장,35.23190306,128.5838182,78,Y,Y,2013
기산프라자,상설장,35.20528716,128.5808143,158,Y,Y,1997
대동중앙상가,상설장,35.25456061,128.6165949,43,Y,Y,1993
롯데종합상가,상설장,35.2333542,128.6848237,77,Y,Y,1985
서대신동골목시장,상설장,35.11041299,129.0173233,91,Y,N,1952
아미시장,상설장,35.09965023,129.0174856,34,N,N,1960
송남시장,상설장,35.07851,129.0168108,98,Y,Y,1978
충무동해안시장,상설장,35.09593786,129.0261002,81,Y,N,1965
충무동골목시장,상설장,35.09428445,129.023658,151,Y,Y,1967
광안시장,상설장,35.16017853,129.1124667,56,Y,Y,1955
삼익비치B상가시장,상설장,35.14321509,129.1139786,111,Y,Y,1981
남천해변시장,상설장,35.13915725,129.1090438,154,Y,Y,1989
삼익비치A상가시장,상설장,35.14321639,129.1139867,109,Y,Y,1980
망미새상가시장,상설장,35.17360458,129.100461,43,Y,N,1977
광안어패류시장,상설장,35.1555939,129.1245334,60,Y,Y,1989
민락어패류시장,상설장,35.15569625,129.1243496,65,Y,Y,1989
민락회타운시장,상설장,35.15555236,129.1238191,61,Y,Y,1990
민락골목시장,상설장,35.15711176,129.1244534,84,Y,Y,1983
민락씨랜드시장,상설장,35.15697591,129.1263963,55,Y,Y,1998
거제시장,상설장,35.18193034,129.0727857,88,Y,Y,1970
영남종합시장,상설장,35.18077628,129.077026,33,Y,Y,1978
연미새시장,상설장,35.17412971,129.0945818,33,Y,N,1977
연일시장,상설장,35.18557048,129.0848866,50,Y,N,1978
연천시장,상설장,35.18978505,129.0980902,90,Y,Y,1980
영도봉래시장,상설장,35.09272066,129.0432785,137,Y,Y,1970
남항시장,상설장,35.08890779,129.0422624,228,Y,Y,1960
청학시장,상설장,35.09660365,129.0603377,80,Y,Y,1970
남포동건어물도매시장,상설장,35.09683884,129.034719,122,Y,Y,1934
부산자갈밭시장,상설장,35.09661069,129.0305905,63,Y,Y,1970
신천지시장,상설장,35.09704464,129.0278162,147,Y,Y,1980
보수종합시장,상설장,35.10421143,129.0218183,52,Y,Y,1978
창선상가,상설장,35.10193912,129.027751,144,Y,Y,1948
부평깡통시장,상설장,35.10128805,129.0257282,462,Y,Y,1910
월드밸리,상설장,35.10280033,129.0263688,300,Y,Y,1995
국제시장,상설장,35.10153726,129.0280722,800,Y,Y,1948
아리랑거리,상설장,35.10045891,129.0289644,79,Y,Y,2002
새영주시장,상설장,35.11270202,129.0363088,58,Y,Y,1950
영주시장,상설장,35.11164138,129.0373926,40,Y,Y,1973
부산데파트,상설장,35.0983104,129.0367073,90,Y,Y,1969
반송큰시장(반송2동시장),상설장,35.23111721,129.1562096,171,Y,Y,1970
반송골목시장,상설장,35.22429212,129.1503295,70,Y,Y,1974
반여시장,상설장,35.19770132,129.1334243,152,Y,N,1979
반여2동상가시장,상설장,35.19602122,129.129044,75,Y,N,2010
반여3동골목시장,상설장,35.19994225,129.1320557,55,Y,N,1975
우동종합상가시장,상설장,35.17067916,129.1388637,51,Y,Y,1978
재송시장,상설장,35.18658147,129.1236715,68,Y,Y,1982
재송한마음시장,상설장,35.18607852,129.1246024,67,Y,Y,2013
좌동재래시장,상설장,35.1730639,129.1744627,75,Y,Y,2005
해운대시장,상설장,35.16140447,129.1623121,108,Y,Y,1910
울산산업공구월드,상설장,35.53578321,129.342636,286,Y,Y,1998
(주)신정시장,상설장,35.54233666,129.310282,94,Y,N,1998
신정평화시장,상설장,35.5383388,129.3035418,57,Y,Y,2005
수암상가시장,상설장,35.52697941,129.3207648,83,Y,Y,2005
야음상가시장,상설장,35.52361147,129.3318662,60,Y,Y,2005
울산번개시장,상설장,35.52023662,129.3367723,96,Y,Y,2005
수암종합시장,상설장,35.52750443,129.3210053,54,Y,N,2005
남목마성시장,상설장,35.54272923,129.427385,125,Y,Y,1980
동울산종합시장,상설장,35.50883546,129.4254273,80,Y,Y,1983
홍천시장,상설장,37.69055321,127.8862016,98,Y,Y,2002
화천시장,상설장+5일장,38.10390585,127.7064275,99,Y,Y,1954
횡성시장,상설장+5일장,37.48980622,127.9866166,135,Y,Y,1980
모슬포중앙시장,상설장,33.22207249,126.2545119,63,Y,Y,1978
서귀포매일올레시장,상설장,33.25014646,126.5632316,225,Y,Y,1965
도남시장,상설장,33.49681229,126.5284042,89,Y,Y,1991
제주시서문공설시장,상설장,33.51134646,126.5179035,67,Y,Y,1954
제주동문수산시장,상설장,33.51206774,126.5249062,96,Y,Y,2005
제주시동문재래시장,상설장,33.5115942,126.5260281,330,Y,Y,2005
보성시장,상설장,33.50330684,126.5279351,55,Y,Y,1972
중앙로상점가,상설장,33.51010018,126.523959,120,Y,Y,2007
제주시동문공설시장,상설장,33.51208951,126.5282426,70,Y,Y,1954
동문시장(주),상설장,33.51279665,126.5283141,78,Y,N,1965
제주칠성로상점가(칠성로상점가),상설장,33.51402881,126.5261117,250,Y,Y,2005
신산시장,상설장,33.50606424,126.5419541,27,Y,Y,1992
한림매일시장,상설장,33.41565321,126.264774,57,Y,Y,2007
화북종합시장,상설장,33.52264949,126.5658711,22,Y,N,1992
독천5일시장,5일장,34.72458908,126.567118,34,Y,Y,1964
사거리시장,5일장,35.42767874,126.8072629,57,Y,Y,1964
황룡시장,5일장,35.2916867,126.7738864,120,Y,Y,1964
용산시장,5일장,34.61490646,126.9153126,7,Y,Y,1992
장평시장,5일장,34.77539717,126.9778669,11,Y,Y,1982
진도읍조금시장,5일장,34.48155399,126.25734,35,Y,Y,1964
월야시장,5일장,35.17926967,126.6267791,21,Y,Y,1981
해보시장,5일장,35.18105262,126.6025523,28,Y,Y,1943
좌일5일시장,5일장,34.46385571,126.6725613,1,Y,Y,1964
북평면남창5일시장,5일장,34.40453441,126.6267107,16,Y,Y,1964
우수영5일시장,5일장,34.5969017,126.311316,44,Y,Y,1964
송지산정5일시장,5일장,34.36966913,126.5191941,40,Y,Y,1967
화원5일시장,5일장,34.66949685,126.3282268,50,Y,Y,1964
남리5일시장,5일장,34.57533982,126.4324836,41,Y,Y,1964
능주전통시장,5일장,34.99091732,126.959364,45,Y,Y,1923
동복전통시장,5일장,35.07163148,127.1257557,20,N,N,1910
사평전통시장,5일장,35.00464044,127.0970498,52,Y,N,1964
화순고인돌전통시장,5일장,35.05909434,126.9833988,100,Y,Y,1964
대산전통시장,5일장,35.34010335,126.598984,67,Y,Y,1967
무장전통시장,5일장,35.41442783,126.560604,29,Y,Y,1965
상하전통시장,5일장,35.44409017,126.4917538,22,Y,Y,1974
해리전통시장,5일장,35.45865884,126.5422037,29,Y,Y,1965
흥덕전통시장,5일장,35.52058772,126.7002195,11,Y,Y,1965
남원인월시장,5일장,35.4615314,127.6020941,44,Y,Y,1965
동계시장,5일장,35.43954095,127.2398056,15,Y,Y,1931
순창시장,5일장,35.37187647,127.1450592,181,Y,Y,1965
여산시장,5일장,36.05898733,127.0836879,10,Y,Y,1963
강진시장,5일장,35.52906362,127.1610312,59,Y,Y,1965
관촌시장,5일장,35.67878053,127.2676801,40,Y,Y,1977
장계시장,5일장,35.72943479,127.5822739,39,Y,Y,1931
서면시장,5일장,35.89506107,129.0480446,17,Y,Y,1929
의흥시장,5일장,36.17425304,128.7163324,21,Y,Y,1954
문경전통시장,5일장,36.73554396,128.1074789,66,Y,Y,1965
풍산공설시장,5일장,36.57720568,128.5765756,35,Y,Y,1917
구담공설시장,5일장,36.54175207,128.4647059,70,Y,Y,1962
남정시장,5일장,36.28554787,129.3728791,20,Y,Y,1986
풍양시장,5일장,36.50926978,128.2998047,35,Y,Y,1928
척산시장,5일장,36.79693438,129.4512978,20,Y,N,1965
매화시장,5일장,36.90981035,129.3799154,12,N,Y,1965
봉양시장,5일장,36.29926111,128.5815386,44,Y,Y,1921
동곡공설시장,5일장,35.69205739,128.8910781,40,Y,Y,1930
이서공설시장,5일장,35.66270195,128.6664239,33,Y,Y,1948
청도공설시장,5일장,35.64394305,128.746038,115,Y,Y,1912
풍각공설시장,5일장,,,68,Y,Y,1925
부남시장,5일장,36.34650543,129.0644413,53,Y,Y,1921
화목시장,5일장,36.27534895,128.89736,15,Y,Y,1940
기계시장,5일장,36.06998685,129.2045022,8,Y,N,1923
진례전통시장,5일장,35.24867545,128.7489254,,Y,Y,1957
남면공설시장,5일장,34.770945,127.8853533,18,Y,Y,1961
무안시장(무안임시시장),5일장,35.47019254,128.6520424,18,Y,Y,1939
송백시장,5일장,35.58629962,128.8817037,5,Y,Y,1957
송지시장,5일장,35.39686406,128.8371964,55,Y,Y,1951
곤양종합시장,5일장,35.05653208,127.9633461,40,Y,Y,2020
완사시장,5일장,35.13122005,127.9763483,45,Y,Y,1997
단성시장,5일장,35.29792788,127.9580631,44,Y,Y,1914
생초시장,5일장,35.49243081,127.8360135,23,Y,Y,1952
덕산시장,5일장,35.2770275,127.8377507,30,Y,Y,1958
석계시장,5일장,35.41957782,129.0639378,62,Y,Y,1954
금곡시장,5일장,35.0907536,128.1862332,,Y,Y,1962
대곡시장,5일장,35.26370317,128.168562,9,Y,N,1962
문산시장,5일장,35.17046821,128.1691582,8,Y,Y,1934
새서부시장,5일장,35.19494636,128.0759288,166,Y,N,
남지시장,5일장,35.38911294,128.4824933,30,Y,Y,1956
영산시장,5일장,35.45704302,128.5325963,50,Y,Y,1957
마천시장,5일장,35.12557099,128.7822355,24,Y,Y,1958
웅천시장,5일장,35.11102245,128.7509028,,Y,Y,1958
대송농수산물시장,상설장,35.49947701,129.4212232,82,Y,Y,1991
월봉시장,상설장,35.4947887,129.4240572,143,Y,N,1980
염포시장(신전시장),상설장,35.53552337,129.3907463,37,Y,N,1985
호계공설시장,상설장+5일장,35.62361423,129.3557466,73,Y,Y,2000
화봉시장(화봉종합시장),상설장,35.5888166,129.3658234,48,Y,Y,1996
봉계공설시장,상설장+5일장,35.71338182,129.1991738,18,Y,Y,1941
언양종합상가시장,상설장,35.5637001,129.1256956,89,Y,Y,1984
언양알프스시장,상설장+5일장,35.5637023,129.1252897,173,Y,N,2011
덕신2차시장,상설장+5일장,35.42934746,129.3100214,23,Y,Y,1992
덕신1차시장,상설장+5일장,35.43524428,129.3093532,36,Y,N,1991
남창옹기종기시장,상설장+5일장,35.41669194,129.2827796,22,Y,Y,1916
덕하시장(덕하공설시장),상설장+5일장,35.49143644,129.3059918,57,Y,Y,1916
병영시장,상설장,35.57055602,129.3462842,74,Y,Y,1970
선우시장,상설장,35.57119003,129.3421705,64,Y,Y,1981
신울산종합시장,상설장,35.56123791,129.3373619,69,Y,Y,1984
성남프라자,상설장,35.55451452,129.3175561,131,Y,Y,1992
웰컴시티,상설장,35.5532821,129.319792,120,Y,Y,2021
중앙전통시장,상설장,35.55518019,129.3222945,302,Y,Y,1974
옥골시장,상설장,35.55523949,129.3229578,77,Y,N,2010
우정시장,상설장,35.5545231,129.3100695,100,Y,N,1976
우정전통시장,상설장+5일장,35.55396087,129.3107259,108,Y,N,2017
태화종합시장,상설장+5일장,35.55419984,129.307414,159,Y,Y,1982
울산시장,상설장,35.55546763,129.3284115,378,Y,Y,1997
구역전전통시장,상설장,35.55590905,129.3279501,48,Y,N,2011
구역전시장,상설장,35.55730008,129.3284203,65,Y,Y,1978
역전시장,상설장,35.55619602,129.3284877,52,Y,Y,1978
학성종합시장,상설장,35.55441933,129.3320409,32,Y,N,1983
중앙시장,상설장,37.75401611,128.8986236,276,Y,Y,1980
강릉성남시장,상설장,37.75344795,128.8992217,128,Y,Y,2008
강릉동부시장,상설장,37.7600498,128.9006624,147,Y,Y,1977
강릉서부시장,상설장,37.75505954,128.8907988,150,Y,Y,1977
주문진건어물시장,상설장,37.89114842,128.8287555,98,Y,Y,2008
주문진수산시장,상설장,37.89097097,128.8280009,52,Y,Y,1988
주문진종합시장,상설장,37.89143538,128.8269078,88,Y,Y,2006
주문진좌판풍물시장,상설장,37.89171625,128.8293151,145,Y,N,2021
거진전통시장,상설장+5일장,38.44783918,128.4539658,61,Y,Y,1965
동해남부재래시장,상설장,37.48761131,129.1035481,208,Y,Y,1995
묵호시장,상설장,37.55235235,129.1141946,125,Y,Y,1970
묵호항 자연산 수산물 판매시장,상설장,37.55205496,129.1162115,70,Y,N,2011
동쪽바다중앙시장,상설장,37.55104769,129.1085683,210,Y,Y,1940
북평민속시장,상설장+5일장,37.48246871,129.1260256,150,Y,Y,1930
도계전두시장,상설장,37.22913383,129.0428073,61,Y,Y,1951
도계중앙시장,상설장,37.23514806,129.0451104,30,Y,Y,1963
삼척번개시장,상설장,37.43090173,129.178574,20,Y,Y,1927
속초종합중앙시장,상설장,38.20452003,128.5901927,257,Y,Y,1990
속초관광수산시장(구 속초중앙전통시장),상설장,38.20540516,128.5893558,350,Y,Y,1960
양양전통시장,상설장+5일장,38.07506326,128.6232929,68,Y,Y,1986
서부아침시장,상설장,37.18331647,128.466754,44,Y,Y,1959
영월종합상가시장,상설장,37.18225358,128.4667334,99,Y,Y,1985
서부공설시장,상설장,37.18292558,128.4663073,41,Y,Y,1959
문막시장,상설장+5일장,37.30602942,127.8153678,90,Y,Y,1959
자유시장,상설장,37.35023035,127.9486266,438,Y,Y,1965
미로예술원주중앙시장(원주중앙시장),상설장,37.35000952,127.9491994,556,Y,Y,1965
중앙시민전통시장,상설장,37.35170226,127.9496495,78,Y,Y,1983
북원상가시장,상설장,37.38438529,127.9488422,22,Y,Y,1991
민속풍물시장,상설장+5일장,37.34898786,127.9541184,104,Y,Y,1989
기린전통시장,상설장+5일장,37.95397964,128.3168509,91,N,N,1956
원통시장,상설장+5일장,38.1225741,128.204617,55,Y,Y,1956
인제시장,상설장+5일장,38.06709944,128.1710768,92,Y,Y,1955
고한구공탄시장(고한시장),상설장+5일장,37.20132181,128.8540555,96,Y,Y,1967
정선사북시장,상설장,37.22735829,128.8162148,71,Y,Y,1965
임계사통팔달시장,상설장+5일장,37.49511059,128.852576,75,Y,Y,1965
신철원시장,상설장+5일장,38.14472692,127.3100254,70,Y,Y,1980
동송전통시장,상설장+5일장,38.2089011,127.2192783,120,Y,Y,1981
와수시장,상설장+5일장,38.23945913,127.4394932,60,Y,Y,1978
춘천번개시장,상설장,37.89183608,127.7263031,55,Y,Y,2014
춘천서부시장,상설장,37.88480147,127.7246493,125,Y,Y,1992
춘천풍물시장,상설장+5일장,37.86623705,127.7195843,143,Y,Y,2010
춘천동부시장,상설장,37.87723546,127.7341739,130,Y,Y,1988
제일종합시장,상설장,37.87748571,127.7260713,244,Y,Y,1985
춘천중앙시장,상설장,37.87848771,127.7257515,177,Y,Y,1960
춘천후평시장,상설장,37.88078864,127.7467911,67,Y,Y,2009
장성중앙시장,상설장,37.10068429,129.009713,55,Y,Y,1977
황지자유시장,상설장,37.17304422,129.0412281,145,Y,Y,1971
봉평전통시장(봉평시장),상설장+5일장,37.61558646,128.3772728,70,Y,Y,1957
진부전통시장,상설장+5일장,37.63821324,128.5579223,109,Y,Y,1958
평창올림픽시장(평창전통시장),상설장+5일장,37.3672356,128.3947764,54,Y,Y,1955
신월중앙시장,상설장,37.52796836,126.8419096,22,Y,Y,1978
조원동펭귄시장,상설장,37.48314523,126.9114212,65,N,N,1978
양곡오라니장터시장,상설장,37.65536924,126.6235242,70,Y,Y,2016
부천자유시장,상설장,37.48410744,126.7799517,261,Y,N,1947
원종종합시장,상설장,37.51971502,126.8055705,51,Y,Y,1987
단대전통시장,상설장,37.44434033,127.1583278,85,Y,Y,1993
안산패션타운전통시장,상설장,37.30497907,126.8446674,115,Y,Y,2001
육동시장,상설장,37.39058613,126.9302236,60,N,N,1980
문산자유시장,상설장+5일장,37.85673243,126.7839395,109,Y,Y,2005
하남수산물전통시장,상설장,37.54878774,127.1847843,186,N,Y,2000
상인영남화성상가,상설장,35.81651479,128.5425742,64,Y,Y,1993
월배시장,상설장,35.81407718,128.5273978,315,Y,Y,1985
팔달시장,상설장,35.88904235,128.5708569,55,N,N,1969
섬유제품관,상설장,35.90628079,128.6096663,699,Y,Y,2017
